product_id,product_name,category,brand,unit_price,is_active
P00001,Electronics Product 1,Electronics,Brand2,186.99,true
P00002,Home Product 2,Home,Brand3,323.99,true
P00003,Fashion Product 3,Fashion,Brand4,460.99,true
P00004,Grocery Product 4,Grocery,Brand5,597.99,true
P00005,Sports Product 5,Sports,Brand6,734.99,true
P00006,Beauty Product 6,Beauty,Brand7,871.99,true
P00007,Books Product 7,Books,Brand8,1008.99,true
P00008,Electronics Product 8,Electronics,Brand9,1145.99,true
P00009,Home Product 9,Home,Brand10,1282.99,true
P00010,Fashion Product 10,Fashion,Brand11,1419.99,true
P00011,Grocery Product 11,Grocery,Brand12,1556.99,true
P00012,Sports Product 12,Sports,Brand13,1693.99,true
P00013,Beauty Product 13,Beauty,Brand14,1830.99,true
P00014,Books Product 14,Books,Brand15,1967.99,true
P00015,Electronics Product 15,Electronics,Brand16,2104.99,true
P00016,Home Product 16,Home,Brand17,2241.99,true
P00017,Fashion Product 17,Fashion,Brand18,2378.99,true
P00018,Grocery Product 18,Grocery,Brand19,2515.99,true
P00019,Sports Product 19,Sports,Brand20,2652.99,true
P00020,Beauty Product 20,Beauty,Brand21,2789.99,true
P00021,Books Product 21,Books,Brand22,2926.99,true
P00022,Electronics Product 22,Electronics,Brand23,3063.99,true
P00023,Home Product 23,Home,Brand24,3200.99,true
P00024,Fashion Product 24,Fashion,Brand25,3337.99,true
P00025,Grocery Product 25,Grocery,Brand26,3474.99,true
P00026,Sports Product 26,Sports,Brand27,3611.99,true
P00027,Beauty Product 27,Beauty,Brand28,3748.99,true
P00028,Books Product 28,Books,Brand29,3885.99,true
P00029,Electronics Product 29,Electronics,Brand30,4022.99,true
P00030,Home Product 30,Home,Brand31,4159.99,true
P00031,Fashion Product 31,Fashion,Brand32,4296.99,true
P00032,Grocery Product 32,Grocery,Brand33,4433.99,true
P00033,Sports Product 33,Sports,Brand34,4570.99,true
P00034,Beauty Product 34,Beauty,Brand35,4707.99,true
P00035,Books Product 35,Books,Brand1,4844.99,true
P00036,Electronics Product 36,Electronics,Brand2,4981.99,true
P00037,Home Product 37,Home,Brand3,5118.99,true
P00038,Fashion Product 38,Fashion,Brand4,5255.99,true
P00039,Grocery Product 39,Grocery,Brand5,5392.99,true
P00040,Sports Product 40,Sports,Brand6,5529.99,true
P00041,Beauty Product 41,Beauty,Brand7,5666.99,true
P00042,Books Product 42,Books,Brand8,5803.99,true
P00043,Electronics Product 43,Electronics,Brand9,5940.99,true
P00044,Home Product 44,Home,Brand10,6077.99,true
P00045,Fashion Product 45,Fashion,Brand11,6214.99,true
P00046,Grocery Product 46,Grocery,Brand12,6351.99,true
P00047,Sports Product 47,Sports,Brand13,6488.99,true
P00048,Beauty Product 48,Beauty,Brand14,6625.99,true
P00049,Books Product 49,Books,Brand15,6762.99,true
P00050,Electronics Product 50,Electronics,Brand16,6899.99,true
P00051,Home Product 51,Home,Brand17,7036.99,true
P00052,Fashion Product 52,Fashion,Brand18,7173.99,true
P00053,Grocery Product 53,Grocery,Brand19,7310.99,true
P00054,Sports Product 54,Sports,Brand20,7447.99,true
P00055,Beauty Product 55,Beauty,Brand21,7584.99,true
P00056,Books Product 56,Books,Brand22,7721.99,true
P00057,Electronics Product 57,Electronics,Brand23,7858.99,true
P00058,Home Product 58,Home,Brand24,7995.99,true
P00059,Fashion Product 59,Fashion,Brand25,8132.99,true
P00060,Grocery Product 60,Grocery,Brand26,8269.99,true
P00061,Sports Product 61,Sports,Brand27,8406.99,true
P00062,Beauty Product 62,Beauty,Brand28,8543.99,true
P00063,Books Product 63,Books,Brand29,8680.99,true
P00064,Electronics Product 64,Electronics,Brand30,8817.99,true
P00065,Home Product 65,Home,Brand31,8954.99,true
P00066,Fashion Product 66,Fashion,Brand32,9091.99,true
P00067,Grocery Product 67,Grocery,Brand33,9228.99,true
P00068,Sports Product 68,Sports,Brand34,9365.99,true
P00069,Beauty Product 69,Beauty,Brand35,9502.99,true
P00070,Books Product 70,Books,Brand1,9639.99,true
P00071,Electronics Product 71,Electronics,Brand2,9776.99,true
P00072,Home Product 72,Home,Brand3,9913.99,true
P00073,Fashion Product 73,Fashion,Brand4,10050.99,true
P00074,Grocery Product 74,Grocery,Brand5,10187.99,true
P00075,Sports Product 75,Sports,Brand6,10324.99,true
P00076,Beauty Product 76,Beauty,Brand7,10461.99,true
P00077,Books Product 77,Books,Brand8,10598.99,true
P00078,Electronics Product 78,Electronics,Brand9,10735.99,true
P00079,Home Product 79,Home,Brand10,10872.99,true
P00080,Fashion Product 80,Fashion,Brand11,11009.99,true
P00081,Grocery Product 81,Grocery,Brand12,11146.99,true
P00082,Sports Product 82,Sports,Brand13,11283.99,true
P00083,Beauty Product 83,Beauty,Brand14,11420.99,true
P00084,Books Product 84,Books,Brand15,11557.99,true
P00085,Electronics Product 85,Electronics,Brand16,11694.99,true
P00086,Home Product 86,Home,Brand17,11831.99,true
P00087,Fashion Product 87,Fashion,Brand18,11968.99,true
P00088,Grocery Product 88,Grocery,Brand19,12105.99,true
P00089,Sports Product 89,Sports,Brand20,12242.99,true
P00090,Beauty Product 90,Beauty,Brand21,12379.99,true
P00091,Books Product 91,Books,Brand22,12516.99,true
P00092,Electronics Product 92,Electronics,Brand23,12653.99,true
P00093,Home Product 93,Home,Brand24,12790.99,true
P00094,Fashion Product 94,Fashion,Brand25,12927.99,true
P00095,Grocery Product 95,Grocery,Brand26,13064.99,true
P00096,Sports Product 96,Sports,Brand27,13201.99,true
P00097,Beauty Product 97,Beauty,Brand28,13338.99,true
P00098,Books Product 98,Books,Brand29,13475.99,true
P00099,Electronics Product 99,Electronics,Brand30,13612.99,true
P00100,Home Product 100,Home,Brand31,13749.99,true
P00101,Fashion Product 101,Fashion,Brand32,13886.99,true
P00102,Grocery Product 102,Grocery,Brand33,14023.99,true
P00103,Sports Product 103,Sports,Brand34,14160.99,true
P00104,Beauty Product 104,Beauty,Brand35,14297.99,true
P00105,Books Product 105,Books,Brand1,14434.99,true
P00106,Electronics Product 106,Electronics,Brand2,14571.99,true
P00107,Home Product 107,Home,Brand3,14708.99,true
P00108,Fashion Product 108,Fashion,Brand4,14845.99,true
P00109,Grocery Product 109,Grocery,Brand5,14982.99,true
P00110,Sports Product 110,Sports,Brand6,15119.99,true
P00111,Beauty Product 111,Beauty,Brand7,15256.99,true
P00112,Books Product 112,Books,Brand8,15393.99,true
P00113,Electronics Product 113,Electronics,Brand9,15530.99,true
P00114,Home Product 114,Home,Brand10,15667.99,true
P00115,Fashion Product 115,Fashion,Brand11,15804.99,true
P00116,Grocery Product 116,Grocery,Brand12,15941.99,true
P00117,Sports Product 117,Sports,Brand13,16078.99,true
P00118,Beauty Product 118,Beauty,Brand14,16215.99,true
P00119,Books Product 119,Books,Brand15,16352.99,true
P00120,Electronics Product 120,Electronics,Brand16,16489.99,true
P00121,Home Product 121,Home,Brand17,16626.99,true
P00122,Fashion Product 122,Fashion,Brand18,16763.99,true
P00123,Grocery Product 123,Grocery,Brand19,16900.99,true
P00124,Sports Product 124,Sports,Brand20,17037.99,true
P00125,Beauty Product 125,Beauty,Brand21,17174.99,true
P00126,Books Product 126,Books,Brand22,17311.99,true
P00127,Electronics Product 127,Electronics,Brand23,17448.99,true
P00128,Home Product 128,Home,Brand24,17585.99,true
P00129,Fashion Product 129,Fashion,Brand25,17722.99,true
P00130,Grocery Product 130,Grocery,Brand26,17859.99,true
P00131,Sports Product 131,Sports,Brand27,17996.99,true
P00132,Beauty Product 132,Beauty,Brand28,18133.99,true
P00133,Books Product 133,Books,Brand29,18270.99,true
P00134,Electronics Product 134,Electronics,Brand30,18407.99,true
P00135,Home Product 135,Home,Brand31,18544.99,true
P00136,Fashion Product 136,Fashion,Brand32,18681.99,true
P00137,Grocery Product 137,Grocery,Brand33,18818.99,true
P00138,Sports Product 138,Sports,Brand34,18955.99,true
P00139,Beauty Product 139,Beauty,Brand35,19092.99,true
P00140,Books Product 140,Books,Brand1,19229.99,true
P00141,Electronics Product 141,Electronics,Brand2,19366.99,true
P00142,Home Product 142,Home,Brand3,19503.99,true
P00143,Fashion Product 143,Fashion,Brand4,19640.99,true
P00144,Grocery Product 144,Grocery,Brand5,19777.99,true
P00145,Sports Product 145,Sports,Brand6,19914.99,true
P00146,Beauty Product 146,Beauty,Brand7,20051.99,true
P00147,Books Product 147,Books,Brand8,20188.99,true
P00148,Electronics Product 148,Electronics,Brand9,20325.99,true
P00149,Home Product 149,Home,Brand10,20462.99,true
P00150,Fashion Product 150,Fashion,Brand11,20599.99,true
P00151,Grocery Product 151,Grocery,Brand12,20736.99,true
P00152,Sports Product 152,Sports,Brand13,20873.99,true
P00153,Beauty Product 153,Beauty,Brand14,21010.99,true
P00154,Books Product 154,Books,Brand15,21147.99,true
P00155,Electronics Product 155,Electronics,Brand16,21284.99,true
P00156,Home Product 156,Home,Brand17,21421.99,true
P00157,Fashion Product 157,Fashion,Brand18,21558.99,true
P00158,Grocery Product 158,Grocery,Brand19,21695.99,true
P00159,Sports Product 159,Sports,Brand20,21832.99,true
P00160,Beauty Product 160,Beauty,Brand21,21969.99,true
P00161,Books Product 161,Books,Brand22,22106.99,true
P00162,Electronics Product 162,Electronics,Brand23,22243.99,true
P00163,Home Product 163,Home,Brand24,22380.99,true
P00164,Fashion Product 164,Fashion,Brand25,22517.99,true
P00165,Grocery Product 165,Grocery,Brand26,22654.99,true
P00166,Sports Product 166,Sports,Brand27,22791.99,true
P00167,Beauty Product 167,Beauty,Brand28,22928.99,true
P00168,Books Product 168,Books,Brand29,23065.99,true
P00169,Electronics Product 169,Electronics,Brand30,23202.99,true
P00170,Home Product 170,Home,Brand31,23339.99,true
P00171,Fashion Product 171,Fashion,Brand32,23476.99,true
P00172,Grocery Product 172,Grocery,Brand33,23613.99,true
P00173,Sports Product 173,Sports,Brand34,23750.99,true
P00174,Beauty Product 174,Beauty,Brand35,23887.99,true
P00175,Books Product 175,Books,Brand1,24024.99,true
P00176,Electronics Product 176,Electronics,Brand2,24161.99,true
P00177,Home Product 177,Home,Brand3,24298.99,true
P00178,Fashion Product 178,Fashion,Brand4,24435.99,true
P00179,Grocery Product 179,Grocery,Brand5,24572.99,true
P00180,Sports Product 180,Sports,Brand6,24709.99,true
P00181,Beauty Product 181,Beauty,Brand7,24846.99,true
P00182,Books Product 182,Books,Brand8,24983.99,true
P00183,Electronics Product 183,Electronics,Brand9,120.99,true
P00184,Home Product 184,Home,Brand10,257.99,true
P00185,Fashion Product 185,Fashion,Brand11,394.99,true
P00186,Grocery Product 186,Grocery,Brand12,531.99,true
P00187,Sports Product 187,Sports,Brand13,668.99,true
P00188,Beauty Product 188,Beauty,Brand14,805.99,true
P00189,Books Product 189,Books,Brand15,942.99,true
P00190,Electronics Product 190,Electronics,Brand16,1079.99,true
P00191,Home Product 191,Home,Brand17,1216.99,true
P00192,Fashion Product 192,Fashion,Brand18,1353.99,true
P00193,Grocery Product 193,Grocery,Brand19,1490.99,true
P00194,Sports Product 194,Sports,Brand20,1627.99,true
P00195,Beauty Product 195,Beauty,Brand21,1764.99,true
P00196,Books Product 196,Books,Brand22,1901.99,true
P00197,Electronics Product 197,Electronics,Brand23,2038.99,true
P00198,Home Product 198,Home,Brand24,2175.99,true
P00199,Fashion Product 199,Fashion,Brand25,2312.99,true
P00200,Grocery Product 200,Grocery,Brand26,2449.99,true
P00201,Sports Product 201,Sports,Brand27,2586.99,true
P00202,Beauty Product 202,Beauty,Brand28,2723.99,true
P00203,Books Product 203,Books,Brand29,2860.99,true
P00204,Electronics Product 204,Electronics,Brand30,2997.99,true
P00205,Home Product 205,Home,Brand31,3134.99,true
P00206,Fashion Product 206,Fashion,Brand32,3271.99,true
P00207,Grocery Product 207,Grocery,Brand33,3408.99,true
P00208,Sports Product 208,Sports,Brand34,3545.99,true
P00209,Beauty Product 209,Beauty,Brand35,3682.99,true
P00210,Books Product 210,Books,Brand1,3819.99,true
P00211,Electronics Product 211,Electronics,Brand2,3956.99,true
P00212,Home Product 212,Home,Brand3,4093.99,true
P00213,Fashion Product 213,Fashion,Brand4,4230.99,true
P00214,Grocery Product 214,Grocery,Brand5,4367.99,true
P00215,Sports Product 215,Sports,Brand6,4504.99,true
P00216,Beauty Product 216,Beauty,Brand7,4641.99,true
P00217,Books Product 217,Books,Brand8,4778.99,true
P00218,Electronics Product 218,Electronics,Brand9,4915.99,true
P00219,Home Product 219,Home,Brand10,5052.99,true
P00220,Fashion Product 220,Fashion,Brand11,5189.99,true
P00221,Grocery Product 221,Grocery,Brand12,5326.99,true
P00222,Sports Product 222,Sports,Brand13,5463.99,true
P00223,Beauty Product 223,Beauty,Brand14,5600.99,true
P00224,Books Product 224,Books,Brand15,5737.99,true
P00225,Electronics Product 225,Electronics,Brand16,5874.99,true
P00226,Home Product 226,Home,Brand17,6011.99,true
P00227,Fashion Product 227,Fashion,Brand18,6148.99,true
P00228,Grocery Product 228,Grocery,Brand19,6285.99,true
P00229,Sports Product 229,Sports,Brand20,6422.99,true
P00230,Beauty Product 230,Beauty,Brand21,6559.99,true
P00231,Books Product 231,Books,Brand22,6696.99,true
P00232,Electronics Product 232,Electronics,Brand23,6833.99,true
P00233,Home Product 233,Home,Brand24,6970.99,true
P00234,Fashion Product 234,Fashion,Brand25,7107.99,true
P00235,Grocery Product 235,Grocery,Brand26,7244.99,true
P00236,Sports Product 236,Sports,Brand27,7381.99,true
P00237,Beauty Product 237,Beauty,Brand28,7518.99,true
P00238,Books Product 238,Books,Brand29,7655.99,true
P00239,Electronics Product 239,Electronics,Brand30,7792.99,true
P00240,Home Product 240,Home,Brand31,7929.99,true
P00241,Fashion Product 241,Fashion,Brand32,8066.99,true
P00242,Grocery Product 242,Grocery,Brand33,8203.99,true
P00243,Sports Product 243,Sports,Brand34,8340.99,true
P00244,Beauty Product 244,Beauty,Brand35,8477.99,true
P00245,Books Product 245,Books,Brand1,8614.99,true
P00246,Electronics Product 246,Electronics,Brand2,8751.99,true
P00247,Home Product 247,Home,Brand3,8888.99,true
P00248,Fashion Product 248,Fashion,Brand4,9025.99,true
P00249,Grocery Product 249,Grocery,Brand5,9162.99,true
P00250,Sports Product 250,Sports,Brand6,9299.99,true
P00251,Beauty Product 251,Beauty,Brand7,9436.99,true
P00252,Books Product 252,Books,Brand8,9573.99,true
P00253,Electronics Product 253,Electronics,Brand9,9710.99,true
P00254,Home Product 254,Home,Brand10,9847.99,true
P00255,Fashion Product 255,Fashion,Brand11,9984.99,true
P00256,Grocery Product 256,Grocery,Brand12,10121.99,true
P00257,Sports Product 257,Sports,Brand13,10258.99,true
P00258,Beauty Product 258,Beauty,Brand14,10395.99,true
P00259,Books Product 259,Books,Brand15,10532.99,true
P00260,Electronics Product 260,Electronics,Brand16,10669.99,true
P00261,Home Product 261,Home,Brand17,10806.99,true
P00262,Fashion Product 262,Fashion,Brand18,10943.99,true
P00263,Grocery Product 263,Grocery,Brand19,11080.99,true
P00264,Sports Product 264,Sports,Brand20,11217.99,true
P00265,Beauty Product 265,Beauty,Brand21,11354.99,true
P00266,Books Product 266,Books,Brand22,11491.99,true
P00267,Electronics Product 267,Electronics,Brand23,11628.99,true
P00268,Home Product 268,Home,Brand24,11765.99,true
P00269,Fashion Product 269,Fashion,Brand25,11902.99,true
P00270,Grocery Product 270,Grocery,Brand26,12039.99,true
P00271,Sports Product 271,Sports,Brand27,12176.99,true
P00272,Beauty Product 272,Beauty,Brand28,12313.99,true
P00273,Books Product 273,Books,Brand29,12450.99,true
P00274,Electronics Product 274,Electronics,Brand30,12587.99,true
P00275,Home Product 275,Home,Brand31,12724.99,true
P00276,Fashion Product 276,Fashion,Brand32,12861.99,true
P00277,Grocery Product 277,Grocery,Brand33,12998.99,true
P00278,Sports Product 278,Sports,Brand34,13135.99,true
P00279,Beauty Product 279,Beauty,Brand35,13272.99,true
P00280,Books Product 280,Books,Brand1,13409.99,true
P00281,Electronics Product 281,Electronics,Brand2,13546.99,true
P00282,Home Product 282,Home,Brand3,13683.99,true
P00283,Fashion Product 283,Fashion,Brand4,13820.99,true
P00284,Grocery Product 284,Grocery,Brand5,13957.99,true
P00285,Sports Product 285,Sports,Brand6,14094.99,true
P00286,Beauty Product 286,Beauty,Brand7,14231.99,true
P00287,Books Product 287,Books,Brand8,14368.99,true
P00288,Electronics Product 288,Electronics,Brand9,14505.99,true
P00289,Home Product 289,Home,Brand10,14642.99,true
P00290,Fashion Product 290,Fashion,Brand11,14779.99,true
P00291,Grocery Product 291,Grocery,Brand12,14916.99,true
P00292,Sports Product 292,Sports,Brand13,15053.99,true
P00293,Beauty Product 293,Beauty,Brand14,15190.99,true
P00294,Books Product 294,Books,Brand15,15327.99,true
P00295,Electronics Product 295,Electronics,Brand16,15464.99,true
P00296,Home Product 296,Home,Brand17,15601.99,true
P00297,Fashion Product 297,Fashion,Brand18,15738.99,true
P00298,Grocery Product 298,Grocery,Brand19,15875.99,true
P00299,Sports Product 299,Sports,Brand20,16012.99,true
P00300,Beauty Product 300,Beauty,Brand21,16149.99,true
P00301,Books Product 301,Books,Brand22,16286.99,true
P00302,Electronics Product 302,Electronics,Brand23,16423.99,true
P00303,Home Product 303,Home,Brand24,16560.99,true
P00304,Fashion Product 304,Fashion,Brand25,16697.99,true
P00305,Grocery Product 305,Grocery,Brand26,16834.99,true
P00306,Sports Product 306,Sports,Brand27,16971.99,true
P00307,Beauty Product 307,Beauty,Brand28,17108.99,true
P00308,Books Product 308,Books,Brand29,17245.99,true
P00309,Electronics Product 309,Electronics,Brand30,17382.99,true
P00310,Home Product 310,Home,Brand31,17519.99,true
P00311,Fashion Product 311,Fashion,Brand32,17656.99,true
P00312,Grocery Product 312,Grocery,Brand33,17793.99,true
P00313,Sports Product 313,Sports,Brand34,17930.99,true
P00314,Beauty Product 314,Beauty,Brand35,18067.99,true
P00315,Books Product 315,Books,Brand1,18204.99,true
P00316,Electronics Product 316,Electronics,Brand2,18341.99,true
P00317,Home Product 317,Home,Brand3,18478.99,true
P00318,Fashion Product 318,Fashion,Brand4,18615.99,true
P00319,Grocery Product 319,Grocery,Brand5,18752.99,true
P00320,Sports Product 320,Sports,Brand6,18889.99,true
P00321,Beauty Product 321,Beauty,Brand7,19026.99,true
P00322,Books Product 322,Books,Brand8,19163.99,true
P00323,Electronics Product 323,Electronics,Brand9,19300.99,true
P00324,Home Product 324,Home,Brand10,19437.99,true
P00325,Fashion Product 325,Fashion,Brand11,19574.99,true
P00326,Grocery Product 326,Grocery,Brand12,19711.99,true
P00327,Sports Product 327,Sports,Brand13,19848.99,true
P00328,Beauty Product 328,Beauty,Brand14,19985.99,true
P00329,Books Product 329,Books,Brand15,20122.99,true
P00330,Electronics Product 330,Electronics,Brand16,20259.99,true
P00331,Home Product 331,Home,Brand17,20396.99,true
P00332,Fashion Product 332,Fashion,Brand18,20533.99,true
P00333,Grocery Product 333,Grocery,Brand19,20670.99,true
P00334,Sports Product 334,Sports,Brand20,20807.99,true
P00335,Beauty Product 335,Beauty,Brand21,20944.99,true
P00336,Books Product 336,Books,Brand22,21081.99,true
P00337,Electronics Product 337,Electronics,Brand23,21218.99,true
P00338,Home Product 338,Home,Brand24,21355.99,true
P00339,Fashion Product 339,Fashion,Brand25,21492.99,true
P00340,Grocery Product 340,Grocery,Brand26,21629.99,true
P00341,Sports Product 341,Sports,Brand27,21766.99,true
P00342,Beauty Product 342,Beauty,Brand28,21903.99,true
P00343,Books Product 343,Books,Brand29,22040.99,true
P00344,Electronics Product 344,Electronics,Brand30,22177.99,true
P00345,Home Product 345,Home,Brand31,22314.99,true
P00346,Fashion Product 346,Fashion,Brand32,22451.99,true
P00347,Grocery Product 347,Grocery,Brand33,22588.99,true
P00348,Sports Product 348,Sports,Brand34,22725.99,true
P00349,Beauty Product 349,Beauty,Brand35,22862.99,true
P00350,Books Product 350,Books,Brand1,22999.99,true
P00351,Electronics Product 351,Electronics,Brand2,23136.99,true
P00352,Home Product 352,Home,Brand3,23273.99,true
P00353,Fashion Product 353,Fashion,Brand4,23410.99,true
P00354,Grocery Product 354,Grocery,Brand5,23547.99,true
P00355,Sports Product 355,Sports,Brand6,23684.99,true
P00356,Beauty Product 356,Beauty,Brand7,23821.99,true
P00357,Books Product 357,Books,Brand8,23958.99,true
P00358,Electronics Product 358,Electronics,Brand9,24095.99,true
P00359,Home Product 359,Home,Brand10,24232.99,true
P00360,Fashion Product 360,Fashion,Brand11,24369.99,true
P00361,Grocery Product 361,Grocery,Brand12,24506.99,true
P00362,Sports Product 362,Sports,Brand13,24643.99,true
P00363,Beauty Product 363,Beauty,Brand14,24780.99,true
P00364,Books Product 364,Books,Brand15,24917.99,true
P00365,Electronics Product 365,Electronics,Brand16,54.99,true
P00366,Home Product 366,Home,Brand17,191.99,true
P00367,Fashion Product 367,Fashion,Brand18,328.99,true
P00368,Grocery Product 368,Grocery,Brand19,465.99,true
P00369,Sports Product 369,Sports,Brand20,602.99,true
P00370,Beauty Product 370,Beauty,Brand21,739.99,true
P00371,Books Product 371,Books,Brand22,876.99,true
P00372,Electronics Product 372,Electronics,Brand23,1013.99,true
P00373,Home Product 373,Home,Brand24,1150.99,true
P00374,Fashion Product 374,Fashion,Brand25,1287.99,true
P00375,Grocery Product 375,Grocery,Brand26,1424.99,true
P00376,Sports Product 376,Sports,Brand27,1561.99,true
P00377,Beauty Product 377,Beauty,Brand28,1698.99,true
P00378,Books Product 378,Books,Brand29,1835.99,true
P00379,Electronics Product 379,Electronics,Brand30,1972.99,true
P00380,Home Product 380,Home,Brand31,2109.99,true
P00381,Fashion Product 381,Fashion,Brand32,2246.99,true
P00382,Grocery Product 382,Grocery,Brand33,2383.99,true
P00383,Sports Product 383,Sports,Brand34,2520.99,true
P00384,Beauty Product 384,Beauty,Brand35,2657.99,true
P00385,Books Product 385,Books,Brand1,2794.99,true
P00386,Electronics Product 386,Electronics,Brand2,2931.99,true
P00387,Home Product 387,Home,Brand3,3068.99,true
P00388,Fashion Product 388,Fashion,Brand4,3205.99,true
P00389,Grocery Product 389,Grocery,Brand5,3342.99,true
P00390,Sports Product 390,Sports,Brand6,3479.99,true
P00391,Beauty Product 391,Beauty,Brand7,3616.99,true
P00392,Books Product 392,Books,Brand8,3753.99,true
P00393,Electronics Product 393,Electronics,Brand9,3890.99,true
P00394,Home Product 394,Home,Brand10,4027.99,true
P00395,Fashion Product 395,Fashion,Brand11,4164.99,true
P00396,Grocery Product 396,Grocery,Brand12,4301.99,true
P00397,Sports Product 397,Sports,Brand13,4438.99,true
P00398,Beauty Product 398,Beauty,Brand14,4575.99,true
P00399,Books Product 399,Books,Brand15,4712.99,true
P00400,Electronics Product 400,Electronics,Brand16,4849.99,true
P00401,Home Product 401,Home,Brand17,4986.99,true
P00402,Fashion Product 402,Fashion,Brand18,5123.99,true
P00403,Grocery Product 403,Grocery,Brand19,5260.99,true
P00404,Sports Product 404,Sports,Brand20,5397.99,true
P00405,Beauty Product 405,Beauty,Brand21,5534.99,true
P00406,Books Product 406,Books,Brand22,5671.99,true
P00407,Electronics Product 407,Electronics,Brand23,5808.99,true
P00408,Home Product 408,Home,Brand24,5945.99,true
P00409,Fashion Product 409,Fashion,Brand25,6082.99,true
P00410,Grocery Product 410,Grocery,Brand26,6219.99,true
P00411,Sports Product 411,Sports,Brand27,6356.99,true
P00412,Beauty Product 412,Beauty,Brand28,6493.99,true
P00413,Books Product 413,Books,Brand29,6630.99,true
P00414,Electronics Product 414,Electronics,Brand30,6767.99,true
P00415,Home Product 415,Home,Brand31,6904.99,true
P00416,Fashion Product 416,Fashion,Brand32,7041.99,true
P00417,Grocery Product 417,Grocery,Brand33,7178.99,true
P00418,Sports Product 418,Sports,Brand34,7315.99,true
P00419,Beauty Product 419,Beauty,Brand35,7452.99,true
P00420,Books Product 420,Books,Brand1,7589.99,true
P00421,Electronics Product 421,Electronics,Brand2,7726.99,true
P00422,Home Product 422,Home,Brand3,7863.99,true
P00423,Fashion Product 423,Fashion,Brand4,8000.99,true
P00424,Grocery Product 424,Grocery,Brand5,8137.99,true
P00425,Sports Product 425,Sports,Brand6,8274.99,true
P00426,Beauty Product 426,Beauty,Brand7,8411.99,true
P00427,Books Product 427,Books,Brand8,8548.99,true
P00428,Electronics Product 428,Electronics,Brand9,8685.99,true
P00429,Home Product 429,Home,Brand10,8822.99,true
P00430,Fashion Product 430,Fashion,Brand11,8959.99,true
P00431,Grocery Product 431,Grocery,Brand12,9096.99,true
P00432,Sports Product 432,Sports,Brand13,9233.99,true
P00433,Beauty Product 433,Beauty,Brand14,9370.99,true
P00434,Books Product 434,Books,Brand15,9507.99,true
P00435,Electronics Product 435,Electronics,Brand16,9644.99,true
P00436,Home Product 436,Home,Brand17,9781.99,true
P00437,Fashion Product 437,Fashion,Brand18,9918.99,true
P00438,Grocery Product 438,Grocery,Brand19,10055.99,true
P00439,Sports Product 439,Sports,Brand20,10192.99,true
P00440,Beauty Product 440,Beauty,Brand21,10329.99,true
P00441,Books Product 441,Books,Brand22,10466.99,true
P00442,Electronics Product 442,Electronics,Brand23,10603.99,true
P00443,Home Product 443,Home,Brand24,10740.99,true
P00444,Fashion Product 444,Fashion,Brand25,10877.99,true
P00445,Grocery Product 445,Grocery,Brand26,11014.99,true
P00446,Sports Product 446,Sports,Brand27,11151.99,true
P00447,Beauty Product 447,Beauty,Brand28,11288.99,true
P00448,Books Product 448,Books,Brand29,11425.99,true
P00449,Electronics Product 449,Electronics,Brand30,11562.99,true
P00450,Home Product 450,Home,Brand31,11699.99,true
P00451,Fashion Product 451,Fashion,Brand32,11836.99,true
P00452,Grocery Product 452,Grocery,Brand33,11973.99,true
P00453,Sports Product 453,Sports,Brand34,12110.99,true
P00454,Beauty Product 454,Beauty,Brand35,12247.99,true
P00455,Books Product 455,Books,Brand1,12384.99,true
P00456,Electronics Product 456,Electronics,Brand2,12521.99,true
P00457,Home Product 457,Home,Brand3,12658.99,true
P00458,Fashion Product 458,Fashion,Brand4,12795.99,true
P00459,Grocery Product 459,Grocery,Brand5,12932.99,true
P00460,Sports Product 460,Sports,Brand6,13069.99,true
P00461,Beauty Product 461,Beauty,Brand7,13206.99,true
P00462,Books Product 462,Books,Brand8,13343.99,true
P00463,Electronics Product 463,Electronics,Brand9,13480.99,true
P00464,Home Product 464,Home,Brand10,13617.99,true
P00465,Fashion Product 465,Fashion,Brand11,13754.99,true
P00466,Grocery Product 466,Grocery,Brand12,13891.99,true
P00467,Sports Product 467,Sports,Brand13,14028.99,true
P00468,Beauty Product 468,Beauty,Brand14,14165.99,true
P00469,Books Product 469,Books,Brand15,14302.99,true
P00470,Electronics Product 470,Electronics,Brand16,14439.99,true
P00471,Home Product 471,Home,Brand17,14576.99,true
P00472,Fashion Product 472,Fashion,Brand18,14713.99,true
P00473,Grocery Product 473,Grocery,Brand19,14850.99,true
P00474,Sports Product 474,Sports,Brand20,14987.99,true
P00475,Beauty Product 475,Beauty,Brand21,15124.99,true
P00476,Books Product 476,Books,Brand22,15261.99,true
P00477,Electronics Product 477,Electronics,Brand23,15398.99,true
P00478,Home Product 478,Home,Brand24,15535.99,true
P00479,Fashion Product 479,Fashion,Brand25,15672.99,true
P00480,Grocery Product 480,Grocery,Brand26,15809.99,true
P00481,Sports Product 481,Sports,Brand27,15946.99,true
P00482,Beauty Product 482,Beauty,Brand28,16083.99,true
P00483,Books Product 483,Books,Brand29,16220.99,true
P00484,Electronics Product 484,Electronics,Brand30,16357.99,true
P00485,Home Product 485,Home,Brand31,16494.99,true
P00486,Fashion Product 486,Fashion,Brand32,16631.99,true
P00487,Grocery Product 487,Grocery,Brand33,16768.99,true
P00488,Sports Product 488,Sports,Brand34,16905.99,true
P00489,Beauty Product 489,Beauty,Brand35,17042.99,true
P00490,Books Product 490,Books,Brand1,17179.99,true
P00491,Electronics Product 491,Electronics,Brand2,17316.99,true
P00492,Home Product 492,Home,Brand3,17453.99,true
P00493,Fashion Product 493,Fashion,Brand4,17590.99,true
P00494,Grocery Product 494,Grocery,Brand5,17727.99,true
P00495,Sports Product 495,Sports,Brand6,17864.99,true
P00496,Beauty Product 496,Beauty,Brand7,18001.99,true
P00497,Books Product 497,Books,Brand8,18138.99,true
P00498,Electronics Product 498,Electronics,Brand9,18275.99,true
P00499,Home Product 499,Home,Brand10,18412.99,true
P00500,Fashion Product 500,Fashion,Brand11,18549.99,true
