customer_id,first_name,last_name,email,phone,city,state,loyalty_tier,created_date,updated_at
C000101,Aarav,Rao,bad-email,9100799819,Pune,Maharashtra,Platinum,2022-04-12,2026-07-08T09:00:00
C000102,Vivaan,Gupta,vivaan.gupta102@example.com,,Delhi,Delhi,Platinum,2022-04-13,2026-07-08T09:00:00
C000103,Aditya,Verma,aditya.verma103@example.com,9100815657,Kolkata,West Bengal,Platinum,2022-04-14,2026-07-08T09:00:00
C000104,Arjun,Patel,arjun.patel104@example.com,9100823576,Ahmedabad,Gujarat,Platinum,2022-04-15,2026-07-08T09:00:00
C000105,Sai,Kumar,sai.kumar105@example.com,9100831495,Jaipur,Rajasthan,Platinum,2022-04-16,2026-07-08T09:00:00
C000106,Rohan,Iyer,rohan.iyer106@example.com,9100839414,Kochi,Kerala,Platinum,2022-04-17,2026-07-08T09:00:00
C000107,Rahul,Reddy,rahul.reddy107@example.com,9100847333,Hyderabad,Telangana,Platinum,2022-04-18,2026-07-08T09:00:00
C000108,Kiran,Singh,kiran.singh108@example.com,9100855252,Mumbai,Maharashtra,Platinum,2022-04-19,2026-07-08T09:00:00
C000109,Priya,Nair,priya.nair109@example.com,9100863171,Bengaluru,Karnataka,Platinum,2022-04-20,2026-07-08T09:00:00
C000110,Ananya,Sharma,ananya.sharma110@example.com,9100871090,Chennai,Tamil Nadu,Platinum,2022-04-21,2026-07-08T09:00:00
C000111,Isha,Rao,isha.rao111@example.com,9100879009,Pune,Maharashtra,Platinum,2022-04-22,2026-07-08T09:00:00
C000112,Neha,Gupta,neha.gupta112@example.com,9100886928,Delhi,Delhi,Platinum,2022-04-23,2026-07-08T09:00:00
C000113,Sneha,Verma,sneha.verma113@example.com,9100894847,Kolkata,West Bengal,Platinum,2022-04-24,2026-07-08T09:00:00
C000114,Pooja,Patel,pooja.patel114@example.com,9100902766,Ahmedabad,Gujarat,Platinum,2022-04-25,2026-07-08T09:00:00
C000115,Kavya,Kumar,kavya.kumar115@example.com,9100910685,Jaipur,Rajasthan,Platinum,2022-04-26,2026-07-08T09:00:00
C000116,Meera,Iyer,meera.iyer116@example.com,9100918604,Kochi,Kerala,Platinum,2022-04-27,2026-07-08T09:00:00
C000117,Nikhil,Reddy,nikhil.reddy117@example.com,9100926523,Hyderabad,Telangana,Platinum,2022-04-28,2026-07-08T09:00:00
C000118,Vikram,Singh,vikram.singh118@example.com,9100934442,Mumbai,Maharashtra,Platinum,2022-04-29,2026-07-08T09:00:00
C000119,Akash,Nair,akash.nair119@example.com,9100942361,Bengaluru,Karnataka,Platinum,2022-04-30,2026-07-08T09:00:00
C000120,Divya,Sharma,divya.sharma120@example.com,9100950280,Chennai,Tamil Nadu,Platinum,2022-05-01,2026-07-08T09:00:00
C000121,Aarav,Rao,aarav.rao121@example.com,9100958199,Pune,Maharashtra,Platinum,2022-05-02,2026-07-08T09:00:00
C000122,Vivaan,Gupta,vivaan.gupta122@example.com,9100966118,Delhi,Delhi,Platinum,2022-05-03,2026-07-08T09:00:00
C000123,Aditya,Verma,aditya.verma123@example.com,9100974037,Kolkata,West Bengal,Platinum,2022-05-04,2026-07-08T09:00:00
C000124,Arjun,Patel,arjun.patel124@example.com,9100981956,Ahmedabad,Gujarat,Platinum,2022-05-05,2026-07-08T09:00:00
C000125,Sai,Kumar,sai.kumar125@example.com,9100989875,Jaipur,Rajasthan,Platinum,2022-05-06,2026-07-08T09:00:00
C000126,Rohan,Iyer,rohan.iyer126@example.com,9100997794,Kochi,Kerala,Platinum,2022-05-07,2026-07-08T09:00:00
C000127,Rahul,Reddy,rahul.reddy127@example.com,9101005713,Hyderabad,Telangana,Platinum,2022-05-08,2026-07-08T09:00:00
C000128,Kiran,Singh,kiran.singh128@example.com,9101013632,Mumbai,Maharashtra,Platinum,2022-05-09,2026-07-08T09:00:00
C000129,Priya,Nair,priya.nair129@example.com,9101021551,Bengaluru,Karnataka,Platinum,2022-05-10,2026-07-08T09:00:00
C000130,Ananya,Sharma,ananya.sharma130@example.com,9101029470,Chennai,Tamil Nadu,Platinum,2022-05-11,2026-07-08T09:00:00
C000131,Isha,Rao,isha.rao131@example.com,9101037389,Pune,Maharashtra,Platinum,2022-05-12,2026-07-08T09:00:00
C000132,Neha,Gupta,neha.gupta132@example.com,9101045308,Delhi,Delhi,Platinum,2022-05-13,2026-07-08T09:00:00
C000133,Sneha,Verma,sneha.verma133@example.com,9101053227,Kolkata,West Bengal,Platinum,2022-05-14,2026-07-08T09:00:00
C000134,Pooja,Patel,pooja.patel134@example.com,9101061146,Ahmedabad,Gujarat,Platinum,2022-05-15,2026-07-08T09:00:00
C000135,Kavya,Kumar,kavya.kumar135@example.com,9101069065,Jaipur,Rajasthan,Platinum,2022-05-16,2026-07-08T09:00:00
C000136,Meera,Iyer,meera.iyer136@example.com,9101076984,Kochi,Kerala,Platinum,2022-05-17,2026-07-08T09:00:00
C000137,Nikhil,Reddy,nikhil.reddy137@example.com,9101084903,Hyderabad,Telangana,Platinum,2022-05-18,2026-07-08T09:00:00
C000138,Vikram,Singh,vikram.singh138@example.com,9101092822,Mumbai,Maharashtra,Platinum,2022-05-19,2026-07-08T09:00:00
C000139,Akash,Nair,akash.nair139@example.com,9101100741,Bengaluru,Karnataka,Platinum,2022-05-20,2026-07-08T09:00:00
C000140,Divya,Sharma,divya.sharma140@example.com,9101108660,Chennai,Tamil Nadu,Platinum,2022-05-21,2026-07-08T09:00:00
C000141,Aarav,Rao,aarav.rao141@example.com,9101116579,Pune,Maharashtra,Platinum,2022-05-22,2026-07-08T09:00:00
C000142,Vivaan,Gupta,vivaan.gupta142@example.com,9101124498,Delhi,Delhi,Platinum,2022-05-23,2026-07-08T09:00:00
C000143,Aditya,Verma,aditya.verma143@example.com,9101132417,Kolkata,West Bengal,Platinum,2022-05-24,2026-07-08T09:00:00
C000144,Arjun,Patel,arjun.patel144@example.com,9101140336,Ahmedabad,Gujarat,Platinum,2022-05-25,2026-07-08T09:00:00
C000145,Sai,Kumar,sai.kumar145@example.com,9101148255,Jaipur,Rajasthan,Platinum,2022-05-26,2026-07-08T09:00:00
C000146,Rohan,Iyer,rohan.iyer146@example.com,9101156174,Kochi,Kerala,Platinum,2022-05-27,2026-07-08T09:00:00
C000147,Rahul,Reddy,rahul.reddy147@example.com,9101164093,Hyderabad,Telangana,Platinum,2022-05-28,2026-07-08T09:00:00
C000148,Kiran,Singh,kiran.singh148@example.com,9101172012,Mumbai,Maharashtra,Platinum,2022-05-29,2026-07-08T09:00:00
C000149,Priya,Nair,priya.nair149@example.com,9101179931,Bengaluru,Karnataka,Platinum,2022-05-30,2026-07-08T09:00:00
C000150,Ananya,Sharma,ananya.sharma150@example.com,9101187850,Chennai,Tamil Nadu,Platinum,2022-05-31,2026-07-08T09:00:00
C000151,Isha,Rao,isha.rao151@example.com,9101195769,Pune,Maharashtra,Platinum,2022-06-01,2026-07-08T09:00:00
C000152,Neha,Gupta,neha.gupta152@example.com,9101203688,Delhi,Delhi,Platinum,2022-06-02,2026-07-08T09:00:00
C000153,Sneha,Verma,sneha.verma153@example.com,9101211607,Kolkata,West Bengal,Platinum,2022-06-03,2026-07-08T09:00:00
C000154,Pooja,Patel,pooja.patel154@example.com,9101219526,Ahmedabad,Gujarat,Platinum,2022-06-04,2026-07-08T09:00:00
C000155,Kavya,Kumar,kavya.kumar155@example.com,9101227445,Jaipur,Rajasthan,Platinum,2022-06-05,2026-07-08T09:00:00
C000156,Meera,Iyer,meera.iyer156@example.com,9101235364,Kochi,Kerala,Platinum,2022-06-06,2026-07-08T09:00:00
C000157,Nikhil,Reddy,nikhil.reddy157@example.com,9101243283,Hyderabad,Telangana,Platinum,2022-06-07,2026-07-08T09:00:00
C000158,Vikram,Singh,vikram.singh158@example.com,9101251202,Mumbai,Maharashtra,Platinum,2022-06-08,2026-07-08T09:00:00
C000159,Akash,Nair,akash.nair159@example.com,9101259121,Bengaluru,Karnataka,Platinum,2022-06-09,2026-07-08T09:00:00
C000160,Divya,Sharma,divya.sharma160@example.com,9101267040,Chennai,Tamil Nadu,Platinum,2022-06-10,2026-07-08T09:00:00
C000161,Aarav,Rao,aarav.rao161@example.com,9101274959,Pune,Maharashtra,Platinum,2022-06-11,2026-07-08T09:00:00
C000162,Vivaan,Gupta,vivaan.gupta162@example.com,9101282878,Delhi,Delhi,Platinum,2022-06-12,2026-07-08T09:00:00
C000163,Aditya,Verma,aditya.verma163@example.com,9101290797,Kolkata,West Bengal,Platinum,2022-06-13,2026-07-08T09:00:00
C000164,Arjun,Patel,arjun.patel164@example.com,9101298716,Ahmedabad,Gujarat,Platinum,2022-06-14,2026-07-08T09:00:00
C000165,Sai,Kumar,sai.kumar165@example.com,9101306635,Jaipur,Rajasthan,Platinum,2022-06-15,2026-07-08T09:00:00
C000166,Rohan,Iyer,rohan.iyer166@example.com,9101314554,Kochi,Kerala,Platinum,2022-06-16,2026-07-08T09:00:00
C000167,Rahul,Reddy,rahul.reddy167@example.com,9101322473,Hyderabad,Telangana,Platinum,2022-06-17,2026-07-08T09:00:00
C000168,Kiran,Singh,kiran.singh168@example.com,9101330392,Mumbai,Maharashtra,Platinum,2022-06-18,2026-07-08T09:00:00
C000169,Priya,Nair,priya.nair169@example.com,9101338311,Bengaluru,Karnataka,Platinum,2022-06-19,2026-07-08T09:00:00
C000170,Ananya,Sharma,ananya.sharma170@example.com,9101346230,Chennai,Tamil Nadu,Platinum,2022-06-20,2026-07-08T09:00:00
C000171,Isha,Rao,isha.rao171@example.com,9101354149,Pune,Maharashtra,Platinum,2022-06-21,2026-07-08T09:00:00
C000172,Neha,Gupta,neha.gupta172@example.com,9101362068,Delhi,Delhi,Platinum,2022-06-22,2026-07-08T09:00:00
C000173,Sneha,Verma,sneha.verma173@example.com,9101369987,Kolkata,West Bengal,Platinum,2022-06-23,2026-07-08T09:00:00
C000174,Pooja,Patel,pooja.patel174@example.com,9101377906,Ahmedabad,Gujarat,Platinum,2022-06-24,2026-07-08T09:00:00
C000175,Kavya,Kumar,kavya.kumar175@example.com,9101385825,Jaipur,Rajasthan,Platinum,2022-06-25,2026-07-08T09:00:00
C000176,Meera,Iyer,meera.iyer176@example.com,9101393744,Kochi,Kerala,Platinum,2022-06-26,2026-07-08T09:00:00
C000177,Nikhil,Reddy,nikhil.reddy177@example.com,9101401663,Hyderabad,Telangana,Platinum,2022-06-27,2026-07-08T09:00:00
C000178,Vikram,Singh,vikram.singh178@example.com,9101409582,Mumbai,Maharashtra,Platinum,2022-06-28,2026-07-08T09:00:00
C000179,Akash,Nair,akash.nair179@example.com,9101417501,Bengaluru,Karnataka,Platinum,2022-06-29,2026-07-08T09:00:00
C000180,Divya,Sharma,divya.sharma180@example.com,9101425420,Chennai,Tamil Nadu,Platinum,2022-06-30,2026-07-08T09:00:00
C000181,Aarav,Rao,aarav.rao181@example.com,9101433339,Pune,Maharashtra,Platinum,2022-07-01,2026-07-08T09:00:00
C000182,Vivaan,Gupta,vivaan.gupta182@example.com,9101441258,Delhi,Delhi,Platinum,2022-07-02,2026-07-08T09:00:00
C000183,Aditya,Verma,aditya.verma183@example.com,9101449177,Kolkata,West Bengal,Platinum,2022-07-03,2026-07-08T09:00:00
C000184,Arjun,Patel,arjun.patel184@example.com,9101457096,Ahmedabad,Gujarat,Platinum,2022-07-04,2026-07-08T09:00:00
C000185,Sai,Kumar,sai.kumar185@example.com,9101465015,Jaipur,Rajasthan,Platinum,2022-07-05,2026-07-08T09:00:00
C000186,Rohan,Iyer,rohan.iyer186@example.com,9101472934,Kochi,Kerala,Platinum,2022-07-06,2026-07-08T09:00:00
C000187,Rahul,Reddy,rahul.reddy187@example.com,9101480853,Hyderabad,Telangana,Platinum,2022-07-07,2026-07-08T09:00:00
C000188,Kiran,Singh,kiran.singh188@example.com,9101488772,Mumbai,Maharashtra,Platinum,2022-07-08,2026-07-08T09:00:00
C000189,Priya,Nair,priya.nair189@example.com,9101496691,Bengaluru,Karnataka,Platinum,2022-07-09,2026-07-08T09:00:00
C000190,Ananya,Sharma,ananya.sharma190@example.com,9101504610,Chennai,Tamil Nadu,Platinum,2022-07-10,2026-07-08T09:00:00
C000191,Isha,Rao,isha.rao191@example.com,9101512529,Pune,Maharashtra,Platinum,2022-07-11,2026-07-08T09:00:00
C000192,Neha,Gupta,neha.gupta192@example.com,9101520448,Delhi,Delhi,Platinum,2022-07-12,2026-07-08T09:00:00
C000193,Sneha,Verma,sneha.verma193@example.com,9101528367,Kolkata,West Bengal,Platinum,2022-07-13,2026-07-08T09:00:00
C000194,Pooja,Patel,pooja.patel194@example.com,9101536286,Ahmedabad,Gujarat,Platinum,2022-07-14,2026-07-08T09:00:00
C000195,Kavya,Kumar,kavya.kumar195@example.com,9101544205,Jaipur,Rajasthan,Platinum,2022-07-15,2026-07-08T09:00:00
C000196,Meera,Iyer,meera.iyer196@example.com,9101552124,Kochi,Kerala,Platinum,2022-07-16,2026-07-08T09:00:00
C000197,Nikhil,Reddy,nikhil.reddy197@example.com,9101560043,Hyderabad,Telangana,Platinum,2022-07-17,2026-07-08T09:00:00
C000198,Vikram,Singh,vikram.singh198@example.com,9101567962,Mumbai,Maharashtra,Platinum,2022-07-18,2026-07-08T09:00:00
C000199,Akash,Nair,akash.nair199@example.com,9101575881,Bengaluru,Karnataka,Platinum,2022-07-19,2026-07-08T09:00:00
C000200,Divya,Sharma,divya.sharma200@example.com,9101583800,Chennai,Tamil Nadu,Platinum,2022-07-20,2026-07-08T09:00:00
C000201,Aarav,Rao,aarav.rao201@example.com,9101591719,Pune,Maharashtra,Silver,2022-07-21,2026-07-08T09:00:00
C000202,Vivaan,Gupta,vivaan.gupta202@example.com,9101599638,Delhi,Delhi,Gold,2022-07-22,2026-07-08T09:00:00
C000203,Aditya,Verma,aditya.verma203@example.com,9101607557,Kolkata,West Bengal,Platinum,2022-07-23,2026-07-08T09:00:00
C000204,Arjun,Patel,arjun.patel204@example.com,9101615476,Ahmedabad,Gujarat,Bronze,2022-07-24,2026-07-08T09:00:00
C000205,Sai,Kumar,sai.kumar205@example.com,9101623395,Jaipur,Rajasthan,Silver,2022-07-25,2026-07-08T09:00:00
C000206,Rohan,Iyer,rohan.iyer206@example.com,9101631314,Kochi,Kerala,Gold,2022-07-26,2026-07-08T09:00:00
C000207,Rahul,Reddy,rahul.reddy207@example.com,9101639233,Hyderabad,Telangana,Platinum,2022-07-27,2026-07-08T09:00:00
C000208,Kiran,Singh,kiran.singh208@example.com,9101647152,Mumbai,Maharashtra,Bronze,2022-07-28,2026-07-08T09:00:00
C000209,Priya,Nair,priya.nair209@example.com,9101655071,Bengaluru,Karnataka,Silver,2022-07-29,2026-07-08T09:00:00
C000210,Ananya,Sharma,ananya.sharma210@example.com,9101662990,Chennai,Tamil Nadu,Gold,2022-07-30,2026-07-08T09:00:00
C000211,Isha,Rao,isha.rao211@example.com,9101670909,Pune,Maharashtra,Platinum,2022-07-31,2026-07-08T09:00:00
C000212,Neha,Gupta,neha.gupta212@example.com,9101678828,Delhi,Delhi,Bronze,2022-08-01,2026-07-08T09:00:00
C000213,Sneha,Verma,sneha.verma213@example.com,9101686747,Kolkata,West Bengal,Silver,2022-08-02,2026-07-08T09:00:00
C000214,Pooja,Patel,pooja.patel214@example.com,9101694666,Ahmedabad,Gujarat,Gold,2022-08-03,2026-07-08T09:00:00
C000215,Kavya,Kumar,kavya.kumar215@example.com,9101702585,Jaipur,Rajasthan,Platinum,2022-08-04,2026-07-08T09:00:00
C000216,Meera,Iyer,meera.iyer216@example.com,9101710504,Kochi,Kerala,Bronze,2022-08-05,2026-07-08T09:00:00
C000217,Nikhil,Reddy,nikhil.reddy217@example.com,9101718423,Hyderabad,Telangana,Silver,2022-08-06,2026-07-08T09:00:00
C000218,Vikram,Singh,vikram.singh218@example.com,9101726342,Mumbai,Maharashtra,Gold,2022-08-07,2026-07-08T09:00:00
C000219,Akash,Nair,akash.nair219@example.com,9101734261,Bengaluru,Karnataka,Platinum,2022-08-08,2026-07-08T09:00:00
C000220,Divya,Sharma,divya.sharma220@example.com,9101742180,Chennai,Tamil Nadu,Bronze,2022-08-09,2026-07-08T09:00:00
C000221,Aarav,Rao,aarav.rao221@example.com,9101750099,Pune,Maharashtra,Silver,2022-08-10,2026-07-08T09:00:00
C000222,Vivaan,Gupta,vivaan.gupta222@example.com,9101758018,Delhi,Delhi,Gold,2022-08-11,2026-07-08T09:00:00
C000223,Aditya,Verma,aditya.verma223@example.com,9101765937,Kolkata,West Bengal,Platinum,2022-08-12,2026-07-08T09:00:00
C000224,Arjun,Patel,arjun.patel224@example.com,9101773856,Ahmedabad,Gujarat,Bronze,2022-08-13,2026-07-08T09:00:00
C000225,Sai,Kumar,sai.kumar225@example.com,9101781775,Jaipur,Rajasthan,Silver,2022-08-14,2026-07-08T09:00:00
C000226,Rohan,Iyer,rohan.iyer226@example.com,9101789694,Kochi,Kerala,Gold,2022-08-15,2026-07-08T09:00:00
C000227,Rahul,Reddy,rahul.reddy227@example.com,9101797613,Hyderabad,Telangana,Platinum,2022-08-16,2026-07-08T09:00:00
C000228,Kiran,Singh,kiran.singh228@example.com,9101805532,Mumbai,Maharashtra,Bronze,2022-08-17,2026-07-08T09:00:00
C000229,Priya,Nair,priya.nair229@example.com,9101813451,Bengaluru,Karnataka,Silver,2022-08-18,2026-07-08T09:00:00
C000230,Ananya,Sharma,ananya.sharma230@example.com,9101821370,Chennai,Tamil Nadu,Gold,2022-08-19,2026-07-08T09:00:00
C000231,Isha,Rao,isha.rao231@example.com,9101829289,Pune,Maharashtra,Platinum,2022-08-20,2026-07-08T09:00:00
C000232,Neha,Gupta,neha.gupta232@example.com,9101837208,Delhi,Delhi,Bronze,2022-08-21,2026-07-08T09:00:00
C000233,Sneha,Verma,sneha.verma233@example.com,9101845127,Kolkata,West Bengal,Silver,2022-08-22,2026-07-08T09:00:00
C000234,Pooja,Patel,pooja.patel234@example.com,9101853046,Ahmedabad,Gujarat,Gold,2022-08-23,2026-07-08T09:00:00
C000235,Kavya,Kumar,kavya.kumar235@example.com,9101860965,Jaipur,Rajasthan,Platinum,2022-08-24,2026-07-08T09:00:00
C000236,Meera,Iyer,meera.iyer236@example.com,9101868884,Kochi,Kerala,Bronze,2022-08-25,2026-07-08T09:00:00
C000237,Nikhil,Reddy,nikhil.reddy237@example.com,9101876803,Hyderabad,Telangana,Silver,2022-08-26,2026-07-08T09:00:00
C000238,Vikram,Singh,vikram.singh238@example.com,9101884722,Mumbai,Maharashtra,Gold,2022-08-27,2026-07-08T09:00:00
C000239,Akash,Nair,akash.nair239@example.com,9101892641,Bengaluru,Karnataka,Platinum,2022-08-28,2026-07-08T09:00:00
C000240,Divya,Sharma,divya.sharma240@example.com,9101900560,Chennai,Tamil Nadu,Bronze,2022-08-29,2026-07-08T09:00:00
C000241,Aarav,Rao,aarav.rao241@example.com,9101908479,Pune,Maharashtra,Silver,2022-08-30,2026-07-08T09:00:00
C000242,Vivaan,Gupta,vivaan.gupta242@example.com,9101916398,Delhi,Delhi,Gold,2022-08-31,2026-07-08T09:00:00
C000243,Aditya,Verma,aditya.verma243@example.com,9101924317,Kolkata,West Bengal,Platinum,2022-09-01,2026-07-08T09:00:00
C000244,Arjun,Patel,arjun.patel244@example.com,9101932236,Ahmedabad,Gujarat,Bronze,2022-09-02,2026-07-08T09:00:00
C000245,Sai,Kumar,sai.kumar245@example.com,9101940155,Jaipur,Rajasthan,Silver,2022-09-03,2026-07-08T09:00:00
C000246,Rohan,Iyer,rohan.iyer246@example.com,9101948074,Kochi,Kerala,Gold,2022-09-04,2026-07-08T09:00:00
C000247,Rahul,Reddy,rahul.reddy247@example.com,9101955993,Hyderabad,Telangana,Platinum,2022-09-05,2026-07-08T09:00:00
C000248,Kiran,Singh,kiran.singh248@example.com,9101963912,Mumbai,Maharashtra,Bronze,2022-09-06,2026-07-08T09:00:00
C000249,Priya,Nair,priya.nair249@example.com,9101971831,Bengaluru,Karnataka,Silver,2022-09-07,2026-07-08T09:00:00
C000250,Ananya,Sharma,ananya.sharma250@example.com,9101979750,Chennai,Tamil Nadu,Gold,2022-09-08,2026-07-08T09:00:00
C000251,Isha,Rao,isha.rao251@example.com,9101987669,Pune,Maharashtra,Platinum,2022-09-09,2026-07-08T09:00:00
C000252,Neha,Gupta,neha.gupta252@example.com,9101995588,Delhi,Delhi,Bronze,2022-09-10,2026-07-08T09:00:00
C000253,Sneha,Verma,sneha.verma253@example.com,9102003507,Kolkata,West Bengal,Silver,2022-09-11,2026-07-08T09:00:00
C000254,Pooja,Patel,pooja.patel254@example.com,9102011426,Ahmedabad,Gujarat,Gold,2022-09-12,2026-07-08T09:00:00
C000255,Kavya,Kumar,kavya.kumar255@example.com,9102019345,Jaipur,Rajasthan,Platinum,2022-09-13,2026-07-08T09:00:00
C000256,Meera,Iyer,meera.iyer256@example.com,9102027264,Kochi,Kerala,Bronze,2022-09-14,2026-07-08T09:00:00
C000257,Nikhil,Reddy,nikhil.reddy257@example.com,9102035183,Hyderabad,Telangana,Silver,2022-09-15,2026-07-08T09:00:00
C000258,Vikram,Singh,vikram.singh258@example.com,9102043102,Mumbai,Maharashtra,Gold,2022-09-16,2026-07-08T09:00:00
C000259,Akash,Nair,akash.nair259@example.com,9102051021,Bengaluru,Karnataka,Platinum,2022-09-17,2026-07-08T09:00:00
C000260,Divya,Sharma,divya.sharma260@example.com,9102058940,Chennai,Tamil Nadu,Bronze,2022-09-18,2026-07-08T09:00:00
C000261,Aarav,Rao,aarav.rao261@example.com,9102066859,Pune,Maharashtra,Silver,2022-09-19,2026-07-08T09:00:00
C000262,Vivaan,Gupta,vivaan.gupta262@example.com,9102074778,Delhi,Delhi,Gold,2022-09-20,2026-07-08T09:00:00
C000263,Aditya,Verma,aditya.verma263@example.com,9102082697,Kolkata,West Bengal,Platinum,2022-09-21,2026-07-08T09:00:00
C000264,Arjun,Patel,arjun.patel264@example.com,9102090616,Ahmedabad,Gujarat,Bronze,2022-09-22,2026-07-08T09:00:00
C000265,Sai,Kumar,sai.kumar265@example.com,9102098535,Jaipur,Rajasthan,Silver,2022-09-23,2026-07-08T09:00:00
C000266,Rohan,Iyer,rohan.iyer266@example.com,9102106454,Kochi,Kerala,Gold,2022-09-24,2026-07-08T09:00:00
C000267,Rahul,Reddy,rahul.reddy267@example.com,9102114373,Hyderabad,Telangana,Platinum,2022-09-25,2026-07-08T09:00:00
C000268,Kiran,Singh,kiran.singh268@example.com,9102122292,Mumbai,Maharashtra,Bronze,2022-09-26,2026-07-08T09:00:00
C000269,Priya,Nair,priya.nair269@example.com,9102130211,Bengaluru,Karnataka,Silver,2022-09-27,2026-07-08T09:00:00
C000270,Ananya,Sharma,ananya.sharma270@example.com,9102138130,Chennai,Tamil Nadu,Gold,2022-09-28,2026-07-08T09:00:00
C000271,Isha,Rao,isha.rao271@example.com,9102146049,Pune,Maharashtra,Platinum,2022-09-29,2026-07-08T09:00:00
C000272,Neha,Gupta,neha.gupta272@example.com,9102153968,Delhi,Delhi,Bronze,2022-09-30,2026-07-08T09:00:00
C000273,Sneha,Verma,sneha.verma273@example.com,9102161887,Kolkata,West Bengal,Silver,2022-10-01,2026-07-08T09:00:00
C000274,Pooja,Patel,pooja.patel274@example.com,9102169806,Ahmedabad,Gujarat,Gold,2022-10-02,2026-07-08T09:00:00
C000275,Kavya,Kumar,kavya.kumar275@example.com,9102177725,Jaipur,Rajasthan,Platinum,2022-10-03,2026-07-08T09:00:00
C000276,Meera,Iyer,meera.iyer276@example.com,9102185644,Kochi,Kerala,Bronze,2022-10-04,2026-07-08T09:00:00
C000277,Nikhil,Reddy,nikhil.reddy277@example.com,9102193563,Hyderabad,Telangana,Silver,2022-10-05,2026-07-08T09:00:00
C000278,Vikram,Singh,vikram.singh278@example.com,9102201482,Mumbai,Maharashtra,Gold,2022-10-06,2026-07-08T09:00:00
C000279,Akash,Nair,akash.nair279@example.com,9102209401,Bengaluru,Karnataka,Platinum,2022-10-07,2026-07-08T09:00:00
C000280,Divya,Sharma,divya.sharma280@example.com,9102217320,Chennai,Tamil Nadu,Bronze,2022-10-08,2026-07-08T09:00:00
C000281,Aarav,Rao,aarav.rao281@example.com,9102225239,Pune,Maharashtra,Silver,2022-10-09,2026-07-08T09:00:00
C000282,Vivaan,Gupta,vivaan.gupta282@example.com,9102233158,Delhi,Delhi,Gold,2022-10-10,2026-07-08T09:00:00
C000283,Aditya,Verma,aditya.verma283@example.com,9102241077,Kolkata,West Bengal,Platinum,2022-10-11,2026-07-08T09:00:00
C000284,Arjun,Patel,arjun.patel284@example.com,9102248996,Ahmedabad,Gujarat,Bronze,2022-10-12,2026-07-08T09:00:00
C000285,Sai,Kumar,sai.kumar285@example.com,9102256915,Jaipur,Rajasthan,Silver,2022-10-13,2026-07-08T09:00:00
C000286,Rohan,Iyer,rohan.iyer286@example.com,9102264834,Kochi,Kerala,Gold,2022-10-14,2026-07-08T09:00:00
C000287,Rahul,Reddy,rahul.reddy287@example.com,9102272753,Hyderabad,Telangana,Platinum,2022-10-15,2026-07-08T09:00:00
C000288,Kiran,Singh,kiran.singh288@example.com,9102280672,Mumbai,Maharashtra,Bronze,2022-10-16,2026-07-08T09:00:00
C000289,Priya,Nair,priya.nair289@example.com,9102288591,Bengaluru,Karnataka,Silver,2022-10-17,2026-07-08T09:00:00
C000290,Ananya,Sharma,ananya.sharma290@example.com,9102296510,Chennai,Tamil Nadu,Gold,2022-10-18,2026-07-08T09:00:00
C000291,Isha,Rao,isha.rao291@example.com,9102304429,Pune,Maharashtra,Platinum,2022-10-19,2026-07-08T09:00:00
C000292,Neha,Gupta,neha.gupta292@example.com,9102312348,Delhi,Delhi,Bronze,2022-10-20,2026-07-08T09:00:00
C000293,Sneha,Verma,sneha.verma293@example.com,9102320267,Kolkata,West Bengal,Silver,2022-10-21,2026-07-08T09:00:00
C000294,Pooja,Patel,pooja.patel294@example.com,9102328186,Ahmedabad,Gujarat,Gold,2022-10-22,2026-07-08T09:00:00
C000295,Kavya,Kumar,kavya.kumar295@example.com,9102336105,Jaipur,Rajasthan,Platinum,2022-10-23,2026-07-08T09:00:00
C000296,Meera,Iyer,meera.iyer296@example.com,9102344024,Kochi,Kerala,Bronze,2022-10-24,2026-07-08T09:00:00
C000297,Nikhil,Reddy,nikhil.reddy297@example.com,9102351943,Hyderabad,Telangana,Silver,2022-10-25,2026-07-08T09:00:00
C000298,Vikram,Singh,vikram.singh298@example.com,9102359862,Mumbai,Maharashtra,Gold,2022-10-26,2026-07-08T09:00:00
C000299,Akash,Nair,akash.nair299@example.com,9102367781,Bengaluru,Karnataka,Platinum,2022-10-27,2026-07-08T09:00:00
C000300,Divya,Sharma,divya.sharma300@example.com,9102375700,Chennai,Tamil Nadu,Bronze,2022-10-28,2026-07-08T09:00:00
C000301,Aarav,Rao,aarav.rao301@example.com,9102383619,Pune,Maharashtra,Silver,2022-10-29,2026-07-08T09:00:00
C000302,Vivaan,Gupta,vivaan.gupta302@example.com,9102391538,Delhi,Delhi,Gold,2022-10-30,2026-07-08T09:00:00
C000303,Aditya,Verma,aditya.verma303@example.com,9102399457,Kolkata,West Bengal,Platinum,2022-10-31,2026-07-08T09:00:00
C000304,Arjun,Patel,arjun.patel304@example.com,9102407376,Ahmedabad,Gujarat,Bronze,2022-11-01,2026-07-08T09:00:00
C000305,Sai,Kumar,sai.kumar305@example.com,9102415295,Jaipur,Rajasthan,Silver,2022-11-02,2026-07-08T09:00:00
C000306,Rohan,Iyer,rohan.iyer306@example.com,9102423214,Kochi,Kerala,Gold,2022-11-03,2026-07-08T09:00:00
C000307,Rahul,Reddy,rahul.reddy307@example.com,9102431133,Hyderabad,Telangana,Platinum,2022-11-04,2026-07-08T09:00:00
C000308,Kiran,Singh,kiran.singh308@example.com,9102439052,Mumbai,Maharashtra,Bronze,2022-11-05,2026-07-08T09:00:00
C000309,Priya,Nair,priya.nair309@example.com,9102446971,Bengaluru,Karnataka,Silver,2022-11-06,2026-07-08T09:00:00
C000310,Ananya,Sharma,ananya.sharma310@example.com,9102454890,Chennai,Tamil Nadu,Gold,2022-11-07,2026-07-08T09:00:00
C000311,Isha,Rao,isha.rao311@example.com,9102462809,Pune,Maharashtra,Platinum,2022-11-08,2026-07-08T09:00:00
C000312,Neha,Gupta,neha.gupta312@example.com,9102470728,Delhi,Delhi,Bronze,2022-11-09,2026-07-08T09:00:00
C000313,Sneha,Verma,sneha.verma313@example.com,9102478647,Kolkata,West Bengal,Silver,2022-11-10,2026-07-08T09:00:00
C000314,Pooja,Patel,pooja.patel314@example.com,9102486566,Ahmedabad,Gujarat,Gold,2022-11-11,2026-07-08T09:00:00
C000315,Kavya,Kumar,kavya.kumar315@example.com,9102494485,Jaipur,Rajasthan,Platinum,2022-11-12,2026-07-08T09:00:00
C000316,Meera,Iyer,meera.iyer316@example.com,9102502404,Kochi,Kerala,Bronze,2022-11-13,2026-07-08T09:00:00
C000317,Nikhil,Reddy,nikhil.reddy317@example.com,9102510323,Hyderabad,Telangana,Silver,2022-11-14,2026-07-08T09:00:00
C000318,Vikram,Singh,vikram.singh318@example.com,9102518242,Mumbai,Maharashtra,Gold,2022-11-15,2026-07-08T09:00:00
C000319,Akash,Nair,akash.nair319@example.com,9102526161,Bengaluru,Karnataka,Platinum,2022-11-16,2026-07-08T09:00:00
C000320,Divya,Sharma,divya.sharma320@example.com,9102534080,Chennai,Tamil Nadu,Bronze,2022-11-17,2026-07-08T09:00:00
C000321,Aarav,Rao,aarav.rao321@example.com,9102541999,Pune,Maharashtra,Silver,2022-11-18,2026-07-08T09:00:00
C000322,Vivaan,Gupta,vivaan.gupta322@example.com,9102549918,Delhi,Delhi,Gold,2022-11-19,2026-07-08T09:00:00
C000323,Aditya,Verma,aditya.verma323@example.com,9102557837,Kolkata,West Bengal,Platinum,2022-11-20,2026-07-08T09:00:00
C000324,Arjun,Patel,arjun.patel324@example.com,9102565756,Ahmedabad,Gujarat,Bronze,2022-11-21,2026-07-08T09:00:00
C000325,Sai,Kumar,sai.kumar325@example.com,9102573675,Jaipur,Rajasthan,Silver,2022-11-22,2026-07-08T09:00:00
C000326,Rohan,Iyer,rohan.iyer326@example.com,9102581594,Kochi,Kerala,Gold,2022-11-23,2026-07-08T09:00:00
C000327,Rahul,Reddy,rahul.reddy327@example.com,9102589513,Hyderabad,Telangana,Platinum,2022-11-24,2026-07-08T09:00:00
C000328,Kiran,Singh,kiran.singh328@example.com,9102597432,Mumbai,Maharashtra,Bronze,2022-11-25,2026-07-08T09:00:00
C000329,Priya,Nair,priya.nair329@example.com,9102605351,Bengaluru,Karnataka,Silver,2022-11-26,2026-07-08T09:00:00
C000330,Ananya,Sharma,ananya.sharma330@example.com,9102613270,Chennai,Tamil Nadu,Gold,2022-11-27,2026-07-08T09:00:00
C000331,Isha,Rao,isha.rao331@example.com,9102621189,Pune,Maharashtra,Platinum,2022-11-28,2026-07-08T09:00:00
C000332,Neha,Gupta,neha.gupta332@example.com,9102629108,Delhi,Delhi,Bronze,2022-11-29,2026-07-08T09:00:00
C000333,Sneha,Verma,sneha.verma333@example.com,9102637027,Kolkata,West Bengal,Silver,2022-11-30,2026-07-08T09:00:00
C000334,Pooja,Patel,pooja.patel334@example.com,9102644946,Ahmedabad,Gujarat,Gold,2022-12-01,2026-07-08T09:00:00
C000335,Kavya,Kumar,kavya.kumar335@example.com,9102652865,Jaipur,Rajasthan,Platinum,2022-12-02,2026-07-08T09:00:00
C000336,Meera,Iyer,meera.iyer336@example.com,9102660784,Kochi,Kerala,Bronze,2022-12-03,2026-07-08T09:00:00
C000337,Nikhil,Reddy,nikhil.reddy337@example.com,9102668703,Hyderabad,Telangana,Silver,2022-12-04,2026-07-08T09:00:00
C000338,Vikram,Singh,vikram.singh338@example.com,9102676622,Mumbai,Maharashtra,Gold,2022-12-05,2026-07-08T09:00:00
C000339,Akash,Nair,akash.nair339@example.com,9102684541,Bengaluru,Karnataka,Platinum,2022-12-06,2026-07-08T09:00:00
C000340,Divya,Sharma,divya.sharma340@example.com,9102692460,Chennai,Tamil Nadu,Bronze,2022-12-07,2026-07-08T09:00:00
C000341,Aarav,Rao,aarav.rao341@example.com,9102700379,Pune,Maharashtra,Silver,2022-12-08,2026-07-08T09:00:00
C000342,Vivaan,Gupta,vivaan.gupta342@example.com,9102708298,Delhi,Delhi,Gold,2022-12-09,2026-07-08T09:00:00
C000343,Aditya,Verma,aditya.verma343@example.com,9102716217,Kolkata,West Bengal,Platinum,2022-12-10,2026-07-08T09:00:00
C000344,Arjun,Patel,arjun.patel344@example.com,9102724136,Ahmedabad,Gujarat,Bronze,2022-12-11,2026-07-08T09:00:00
C000345,Sai,Kumar,sai.kumar345@example.com,9102732055,Jaipur,Rajasthan,Silver,2022-12-12,2026-07-08T09:00:00
C000346,Rohan,Iyer,rohan.iyer346@example.com,9102739974,Kochi,Kerala,Gold,2022-12-13,2026-07-08T09:00:00
C000347,Rahul,Reddy,rahul.reddy347@example.com,9102747893,Hyderabad,Telangana,Platinum,2022-12-14,2026-07-08T09:00:00
C000348,Kiran,Singh,kiran.singh348@example.com,9102755812,Mumbai,Maharashtra,Bronze,2022-12-15,2026-07-08T09:00:00
C000349,Priya,Nair,priya.nair349@example.com,9102763731,Bengaluru,Karnataka,Silver,2022-12-16,2026-07-08T09:00:00
C000350,Ananya,Sharma,ananya.sharma350@example.com,9102771650,Chennai,Tamil Nadu,Gold,2022-12-17,2026-07-08T09:00:00
C005001,Aarav,Rao,aarav.rao5001@example.com,9139602919,Hyderabad,Telangana,Bronze,2026-07-08,2026-07-08T09:00:00
C005002,Vivaan,Gupta,vivaan.gupta5002@example.com,9139610838,Mumbai,Maharashtra,Bronze,2026-07-08,2026-07-08T09:00:00
C005003,Aditya,Verma,aditya.verma5003@example.com,9139618757,Bengaluru,Karnataka,Bronze,2026-07-08,2026-07-08T09:00:00
C005004,Arjun,Patel,arjun.patel5004@example.com,9139626676,Chennai,Tamil Nadu,Bronze,2026-07-08,2026-07-08T09:00:00
C005005,Sai,Kumar,sai.kumar5005@example.com,9139634595,Pune,Maharashtra,Bronze,2026-07-08,2026-07-08T09:00:00
C005006,Rohan,Iyer,rohan.iyer5006@example.com,9139642514,Delhi,Delhi,Bronze,2026-07-08,2026-07-08T09:00:00
C005007,Rahul,Reddy,rahul.reddy5007@example.com,9139650433,Kolkata,West Bengal,Bronze,2026-07-08,2026-07-08T09:00:00
C005008,Kiran,Singh,kiran.singh5008@example.com,9139658352,Ahmedabad,Gujarat,Bronze,2026-07-08,2026-07-08T09:00:00
C005009,Priya,Nair,priya.nair5009@example.com,9139666271,Jaipur,Rajasthan,Bronze,2026-07-08,2026-07-08T09:00:00
C005010,Ananya,Sharma,ananya.sharma5010@example.com,9139674190,Kochi,Kerala,Bronze,2026-07-08,2026-07-08T09:00:00
C005011,Isha,Rao,isha.rao5011@example.com,9139682109,Hyderabad,Telangana,Bronze,2026-07-08,2026-07-08T09:00:00
C005012,Neha,Gupta,neha.gupta5012@example.com,9139690028,Mumbai,Maharashtra,Bronze,2026-07-08,2026-07-08T09:00:00
C005013,Sneha,Verma,sneha.verma5013@example.com,9139697947,Bengaluru,Karnataka,Bronze,2026-07-08,2026-07-08T09:00:00
C005014,Pooja,Patel,pooja.patel5014@example.com,9139705866,Chennai,Tamil Nadu,Bronze,2026-07-08,2026-07-08T09:00:00
C005015,Kavya,Kumar,kavya.kumar5015@example.com,9139713785,Pune,Maharashtra,Bronze,2026-07-08,2026-07-08T09:00:00
C005016,Meera,Iyer,meera.iyer5016@example.com,9139721704,Delhi,Delhi,Bronze,2026-07-08,2026-07-08T09:00:00
C005017,Nikhil,Reddy,nikhil.reddy5017@example.com,9139729623,Kolkata,West Bengal,Bronze,2026-07-08,2026-07-08T09:00:00
C005018,Vikram,Singh,vikram.singh5018@example.com,9139737542,Ahmedabad,Gujarat,Bronze,2026-07-08,2026-07-08T09:00:00
C005019,Akash,Nair,akash.nair5019@example.com,9139745461,Jaipur,Rajasthan,Bronze,2026-07-08,2026-07-08T09:00:00
C005020,Divya,Sharma,divya.sharma5020@example.com,9139753380,Kochi,Kerala,Bronze,2026-07-08,2026-07-08T09:00:00
C005021,Aarav,Rao,aarav.rao5021@example.com,9139761299,Hyderabad,Telangana,Bronze,2026-07-08,2026-07-08T09:00:00
C005022,Vivaan,Gupta,vivaan.gupta5022@example.com,9139769218,Mumbai,Maharashtra,Bronze,2026-07-08,2026-07-08T09:00:00
C005023,Aditya,Verma,aditya.verma5023@example.com,9139777137,Bengaluru,Karnataka,Bronze,2026-07-08,2026-07-08T09:00:00
C005024,Arjun,Patel,arjun.patel5024@example.com,9139785056,Chennai,Tamil Nadu,Bronze,2026-07-08,2026-07-08T09:00:00
C005025,Sai,Kumar,sai.kumar5025@example.com,9139792975,Pune,Maharashtra,Bronze,2026-07-08,2026-07-08T09:00:00
C005026,Rohan,Iyer,rohan.iyer5026@example.com,9139800894,Delhi,Delhi,Bronze,2026-07-08,2026-07-08T09:00:00
C005027,Rahul,Reddy,rahul.reddy5027@example.com,9139808813,Kolkata,West Bengal,Bronze,2026-07-08,2026-07-08T09:00:00
C005028,Kiran,Singh,kiran.singh5028@example.com,9139816732,Ahmedabad,Gujarat,Bronze,2026-07-08,2026-07-08T09:00:00
C005029,Priya,Nair,priya.nair5029@example.com,9139824651,Jaipur,Rajasthan,Bronze,2026-07-08,2026-07-08T09:00:00
C005030,Ananya,Sharma,ananya.sharma5030@example.com,9139832570,Kochi,Kerala,Bronze,2026-07-08,2026-07-08T09:00:00
C005031,Isha,Rao,isha.rao5031@example.com,9139840489,Hyderabad,Telangana,Bronze,2026-07-08,2026-07-08T09:00:00
C005032,Neha,Gupta,neha.gupta5032@example.com,9139848408,Mumbai,Maharashtra,Bronze,2026-07-08,2026-07-08T09:00:00
C005033,Sneha,Verma,sneha.verma5033@example.com,9139856327,Bengaluru,Karnataka,Bronze,2026-07-08,2026-07-08T09:00:00
C005034,Pooja,Patel,pooja.patel5034@example.com,9139864246,Chennai,Tamil Nadu,Bronze,2026-07-08,2026-07-08T09:00:00
C005035,Kavya,Kumar,kavya.kumar5035@example.com,9139872165,Pune,Maharashtra,Bronze,2026-07-08,2026-07-08T09:00:00
C005036,Meera,Iyer,meera.iyer5036@example.com,9139880084,Delhi,Delhi,Bronze,2026-07-08,2026-07-08T09:00:00
C005037,Nikhil,Reddy,nikhil.reddy5037@example.com,9139888003,Kolkata,West Bengal,Bronze,2026-07-08,2026-07-08T09:00:00
C005038,Vikram,Singh,vikram.singh5038@example.com,9139895922,Ahmedabad,Gujarat,Bronze,2026-07-08,2026-07-08T09:00:00
C005039,Akash,Nair,akash.nair5039@example.com,9139903841,Jaipur,Rajasthan,Bronze,2026-07-08,2026-07-08T09:00:00
C005040,Divya,Sharma,divya.sharma5040@example.com,9139911760,Kochi,Kerala,Bronze,2026-07-08,2026-07-08T09:00:00
C005041,Aarav,Rao,aarav.rao5041@example.com,9139919679,Hyderabad,Telangana,Bronze,2026-07-08,2026-07-08T09:00:00
C005042,Vivaan,Gupta,vivaan.gupta5042@example.com,9139927598,Mumbai,Maharashtra,Bronze,2026-07-08,2026-07-08T09:00:00
C005043,Aditya,Verma,aditya.verma5043@example.com,9139935517,Bengaluru,Karnataka,Bronze,2026-07-08,2026-07-08T09:00:00
C005044,Arjun,Patel,arjun.patel5044@example.com,9139943436,Chennai,Tamil Nadu,Bronze,2026-07-08,2026-07-08T09:00:00
C005045,Sai,Kumar,sai.kumar5045@example.com,9139951355,Pune,Maharashtra,Bronze,2026-07-08,2026-07-08T09:00:00
C005046,Rohan,Iyer,rohan.iyer5046@example.com,9139959274,Delhi,Delhi,Bronze,2026-07-08,2026-07-08T09:00:00
C005047,Rahul,Reddy,rahul.reddy5047@example.com,9139967193,Kolkata,West Bengal,Bronze,2026-07-08,2026-07-08T09:00:00
C005048,Kiran,Singh,kiran.singh5048@example.com,9139975112,Ahmedabad,Gujarat,Bronze,2026-07-08,2026-07-08T09:00:00
C005049,Priya,Nair,priya.nair5049@example.com,9139983031,Jaipur,Rajasthan,Bronze,2026-07-08,2026-07-08T09:00:00
C005050,Ananya,Sharma,ananya.sharma5050@example.com,9139990950,Kochi,Kerala,Bronze,2026-07-08,2026-07-08T09:00:00
C005051,Isha,Rao,isha.rao5051@example.com,9139998869,Hyderabad,Telangana,Bronze,2026-07-08,2026-07-08T09:00:00
C005052,Neha,Gupta,neha.gupta5052@example.com,9140006788,Mumbai,Maharashtra,Bronze,2026-07-08,2026-07-08T09:00:00
C005053,Sneha,Verma,sneha.verma5053@example.com,9140014707,Bengaluru,Karnataka,Bronze,2026-07-08,2026-07-08T09:00:00
C005054,Pooja,Patel,pooja.patel5054@example.com,9140022626,Chennai,Tamil Nadu,Bronze,2026-07-08,2026-07-08T09:00:00
C005055,Kavya,Kumar,kavya.kumar5055@example.com,9140030545,Pune,Maharashtra,Bronze,2026-07-08,2026-07-08T09:00:00
C005056,Meera,Iyer,meera.iyer5056@example.com,9140038464,Delhi,Delhi,Bronze,2026-07-08,2026-07-08T09:00:00
C005057,Nikhil,Reddy,nikhil.reddy5057@example.com,9140046383,Kolkata,West Bengal,Bronze,2026-07-08,2026-07-08T09:00:00
C005058,Vikram,Singh,vikram.singh5058@example.com,9140054302,Ahmedabad,Gujarat,Bronze,2026-07-08,2026-07-08T09:00:00
C005059,Akash,Nair,akash.nair5059@example.com,9140062221,Jaipur,Rajasthan,Bronze,2026-07-08,2026-07-08T09:00:00
C005060,Divya,Sharma,divya.sharma5060@example.com,9140070140,Kochi,Kerala,Bronze,2026-07-08,2026-07-08T09:00:00
C005061,Aarav,Rao,aarav.rao5061@example.com,9140078059,Hyderabad,Telangana,Bronze,2026-07-08,2026-07-08T09:00:00
C005062,Vivaan,Gupta,vivaan.gupta5062@example.com,9140085978,Mumbai,Maharashtra,Bronze,2026-07-08,2026-07-08T09:00:00
C005063,Aditya,Verma,aditya.verma5063@example.com,9140093897,Bengaluru,Karnataka,Bronze,2026-07-08,2026-07-08T09:00:00
C005064,Arjun,Patel,arjun.patel5064@example.com,9140101816,Chennai,Tamil Nadu,Bronze,2026-07-08,2026-07-08T09:00:00
C005065,Sai,Kumar,sai.kumar5065@example.com,9140109735,Pune,Maharashtra,Bronze,2026-07-08,2026-07-08T09:00:00
C005066,Rohan,Iyer,rohan.iyer5066@example.com,9140117654,Delhi,Delhi,Bronze,2026-07-08,2026-07-08T09:00:00
C005067,Rahul,Reddy,rahul.reddy5067@example.com,9140125573,Kolkata,West Bengal,Bronze,2026-07-08,2026-07-08T09:00:00
C005068,Kiran,Singh,kiran.singh5068@example.com,9140133492,Ahmedabad,Gujarat,Bronze,2026-07-08,2026-07-08T09:00:00
C005069,Priya,Nair,priya.nair5069@example.com,9140141411,Jaipur,Rajasthan,Bronze,2026-07-08,2026-07-08T09:00:00
C005070,Ananya,Sharma,ananya.sharma5070@example.com,9140149330,Kochi,Kerala,Bronze,2026-07-08,2026-07-08T09:00:00
C005071,Isha,Rao,isha.rao5071@example.com,9140157249,Hyderabad,Telangana,Bronze,2026-07-08,2026-07-08T09:00:00
C005072,Neha,Gupta,neha.gupta5072@example.com,9140165168,Mumbai,Maharashtra,Bronze,2026-07-08,2026-07-08T09:00:00
C005073,Sneha,Verma,sneha.verma5073@example.com,9140173087,Bengaluru,Karnataka,Bronze,2026-07-08,2026-07-08T09:00:00
C005074,Pooja,Patel,pooja.patel5074@example.com,9140181006,Chennai,Tamil Nadu,Bronze,2026-07-08,2026-07-08T09:00:00
C005075,Kavya,Kumar,kavya.kumar5075@example.com,9140188925,Pune,Maharashtra,Bronze,2026-07-08,2026-07-08T09:00:00
C005076,Meera,Iyer,meera.iyer5076@example.com,9140196844,Delhi,Delhi,Bronze,2026-07-08,2026-07-08T09:00:00
C005077,Nikhil,Reddy,nikhil.reddy5077@example.com,9140204763,Kolkata,West Bengal,Bronze,2026-07-08,2026-07-08T09:00:00
C005078,Vikram,Singh,vikram.singh5078@example.com,9140212682,Ahmedabad,Gujarat,Bronze,2026-07-08,2026-07-08T09:00:00
C005079,Akash,Nair,akash.nair5079@example.com,9140220601,Jaipur,Rajasthan,Bronze,2026-07-08,2026-07-08T09:00:00
C005080,Divya,Sharma,divya.sharma5080@example.com,9140228520,Kochi,Kerala,Bronze,2026-07-08,2026-07-08T09:00:00
C005081,Aarav,Rao,aarav.rao5081@example.com,9140236439,Hyderabad,Telangana,Bronze,2026-07-08,2026-07-08T09:00:00
C005082,Vivaan,Gupta,vivaan.gupta5082@example.com,9140244358,Mumbai,Maharashtra,Bronze,2026-07-08,2026-07-08T09:00:00
C005083,Aditya,Verma,aditya.verma5083@example.com,9140252277,Bengaluru,Karnataka,Bronze,2026-07-08,2026-07-08T09:00:00
C005084,Arjun,Patel,arjun.patel5084@example.com,9140260196,Chennai,Tamil Nadu,Bronze,2026-07-08,2026-07-08T09:00:00
C005085,Sai,Kumar,sai.kumar5085@example.com,9140268115,Pune,Maharashtra,Bronze,2026-07-08,2026-07-08T09:00:00
C005086,Rohan,Iyer,rohan.iyer5086@example.com,9140276034,Delhi,Delhi,Bronze,2026-07-08,2026-07-08T09:00:00
C005087,Rahul,Reddy,rahul.reddy5087@example.com,9140283953,Kolkata,West Bengal,Bronze,2026-07-08,2026-07-08T09:00:00
C005088,Kiran,Singh,kiran.singh5088@example.com,9140291872,Ahmedabad,Gujarat,Bronze,2026-07-08,2026-07-08T09:00:00
C005089,Priya,Nair,priya.nair5089@example.com,9140299791,Jaipur,Rajasthan,Bronze,2026-07-08,2026-07-08T09:00:00
C005090,Ananya,Sharma,ananya.sharma5090@example.com,9140307710,Kochi,Kerala,Bronze,2026-07-08,2026-07-08T09:00:00
C005091,Isha,Rao,isha.rao5091@example.com,9140315629,Hyderabad,Telangana,Bronze,2026-07-08,2026-07-08T09:00:00
C005092,Neha,Gupta,neha.gupta5092@example.com,9140323548,Mumbai,Maharashtra,Bronze,2026-07-08,2026-07-08T09:00:00
C005093,Sneha,Verma,sneha.verma5093@example.com,9140331467,Bengaluru,Karnataka,Bronze,2026-07-08,2026-07-08T09:00:00
C005094,Pooja,Patel,pooja.patel5094@example.com,9140339386,Chennai,Tamil Nadu,Bronze,2026-07-08,2026-07-08T09:00:00
C005095,Kavya,Kumar,kavya.kumar5095@example.com,9140347305,Pune,Maharashtra,Bronze,2026-07-08,2026-07-08T09:00:00
C005096,Meera,Iyer,meera.iyer5096@example.com,9140355224,Delhi,Delhi,Bronze,2026-07-08,2026-07-08T09:00:00
C005097,Nikhil,Reddy,nikhil.reddy5097@example.com,9140363143,Kolkata,West Bengal,Bronze,2026-07-08,2026-07-08T09:00:00
C005098,Vikram,Singh,vikram.singh5098@example.com,9140371062,Ahmedabad,Gujarat,Bronze,2026-07-08,2026-07-08T09:00:00
C005099,Akash,Nair,akash.nair5099@example.com,9140378981,Jaipur,Rajasthan,Bronze,2026-07-08,2026-07-08T09:00:00
C005100,Divya,Sharma,divya.sharma5100@example.com,9140386900,Kochi,Kerala,Bronze,2026-07-08,2026-07-08T09:00:00
C005101,Aarav,Rao,aarav.rao5101@example.com,9140394819,Hyderabad,Telangana,Bronze,2026-07-08,2026-07-08T09:00:00
C005102,Vivaan,Gupta,vivaan.gupta5102@example.com,9140402738,Mumbai,Maharashtra,Bronze,2026-07-08,2026-07-08T09:00:00
C005103,Aditya,Verma,aditya.verma5103@example.com,9140410657,Bengaluru,Karnataka,Bronze,2026-07-08,2026-07-08T09:00:00
C005104,Arjun,Patel,arjun.patel5104@example.com,9140418576,Chennai,Tamil Nadu,Bronze,2026-07-08,2026-07-08T09:00:00
C005105,Sai,Kumar,sai.kumar5105@example.com,9140426495,Pune,Maharashtra,Bronze,2026-07-08,2026-07-08T09:00:00
C005106,Rohan,Iyer,rohan.iyer5106@example.com,9140434414,Delhi,Delhi,Bronze,2026-07-08,2026-07-08T09:00:00
C005107,Rahul,Reddy,rahul.reddy5107@example.com,9140442333,Kolkata,West Bengal,Bronze,2026-07-08,2026-07-08T09:00:00
C005108,Kiran,Singh,kiran.singh5108@example.com,9140450252,Ahmedabad,Gujarat,Bronze,2026-07-08,2026-07-08T09:00:00
C005109,Priya,Nair,priya.nair5109@example.com,9140458171,Jaipur,Rajasthan,Bronze,2026-07-08,2026-07-08T09:00:00
C005110,Ananya,Sharma,ananya.sharma5110@example.com,9140466090,Kochi,Kerala,Bronze,2026-07-08,2026-07-08T09:00:00
C005111,Isha,Rao,isha.rao5111@example.com,9140474009,Hyderabad,Telangana,Bronze,2026-07-08,2026-07-08T09:00:00
C005112,Neha,Gupta,neha.gupta5112@example.com,9140481928,Mumbai,Maharashtra,Bronze,2026-07-08,2026-07-08T09:00:00
C005113,Sneha,Verma,sneha.verma5113@example.com,9140489847,Bengaluru,Karnataka,Bronze,2026-07-08,2026-07-08T09:00:00
C005114,Pooja,Patel,pooja.patel5114@example.com,9140497766,Chennai,Tamil Nadu,Bronze,2026-07-08,2026-07-08T09:00:00
C005115,Kavya,Kumar,kavya.kumar5115@example.com,9140505685,Pune,Maharashtra,Bronze,2026-07-08,2026-07-08T09:00:00
C005116,Meera,Iyer,meera.iyer5116@example.com,9140513604,Delhi,Delhi,Bronze,2026-07-08,2026-07-08T09:00:00
C005117,Nikhil,Reddy,nikhil.reddy5117@example.com,9140521523,Kolkata,West Bengal,Bronze,2026-07-08,2026-07-08T09:00:00
C005118,Vikram,Singh,vikram.singh5118@example.com,9140529442,Ahmedabad,Gujarat,Bronze,2026-07-08,2026-07-08T09:00:00
C005119,Akash,Nair,akash.nair5119@example.com,9140537361,Jaipur,Rajasthan,Bronze,2026-07-08,2026-07-08T09:00:00
C005120,Divya,Sharma,divya.sharma5120@example.com,9140545280,Kochi,Kerala,Bronze,2026-07-08,2026-07-08T09:00:00
C005121,Aarav,Rao,aarav.rao5121@example.com,9140553199,Hyderabad,Telangana,Bronze,2026-07-08,2026-07-08T09:00:00
C005122,Vivaan,Gupta,vivaan.gupta5122@example.com,9140561118,Mumbai,Maharashtra,Bronze,2026-07-08,2026-07-08T09:00:00
C005123,Aditya,Verma,aditya.verma5123@example.com,9140569037,Bengaluru,Karnataka,Bronze,2026-07-08,2026-07-08T09:00:00
C005124,Arjun,Patel,arjun.patel5124@example.com,9140576956,Chennai,Tamil Nadu,Bronze,2026-07-08,2026-07-08T09:00:00
C005125,Sai,Kumar,sai.kumar5125@example.com,9140584875,Pune,Maharashtra,Bronze,2026-07-08,2026-07-08T09:00:00
C005126,Rohan,Iyer,rohan.iyer5126@example.com,9140592794,Delhi,Delhi,Bronze,2026-07-08,2026-07-08T09:00:00
C005127,Rahul,Reddy,rahul.reddy5127@example.com,9140600713,Kolkata,West Bengal,Bronze,2026-07-08,2026-07-08T09:00:00
C005128,Kiran,Singh,kiran.singh5128@example.com,9140608632,Ahmedabad,Gujarat,Bronze,2026-07-08,2026-07-08T09:00:00
C005129,Priya,Nair,priya.nair5129@example.com,9140616551,Jaipur,Rajasthan,Bronze,2026-07-08,2026-07-08T09:00:00
C005130,Ananya,Sharma,ananya.sharma5130@example.com,9140624470,Kochi,Kerala,Bronze,2026-07-08,2026-07-08T09:00:00
C005131,Isha,Rao,isha.rao5131@example.com,9140632389,Hyderabad,Telangana,Bronze,2026-07-08,2026-07-08T09:00:00
C005132,Neha,Gupta,neha.gupta5132@example.com,9140640308,Mumbai,Maharashtra,Bronze,2026-07-08,2026-07-08T09:00:00
C005133,Sneha,Verma,sneha.verma5133@example.com,9140648227,Bengaluru,Karnataka,Bronze,2026-07-08,2026-07-08T09:00:00
C005134,Pooja,Patel,pooja.patel5134@example.com,9140656146,Chennai,Tamil Nadu,Bronze,2026-07-08,2026-07-08T09:00:00
C005135,Kavya,Kumar,kavya.kumar5135@example.com,9140664065,Pune,Maharashtra,Bronze,2026-07-08,2026-07-08T09:00:00
C005136,Meera,Iyer,meera.iyer5136@example.com,9140671984,Delhi,Delhi,Bronze,2026-07-08,2026-07-08T09:00:00
C005137,Nikhil,Reddy,nikhil.reddy5137@example.com,9140679903,Kolkata,West Bengal,Bronze,2026-07-08,2026-07-08T09:00:00
C005138,Vikram,Singh,vikram.singh5138@example.com,9140687822,Ahmedabad,Gujarat,Bronze,2026-07-08,2026-07-08T09:00:00
C005139,Akash,Nair,akash.nair5139@example.com,9140695741,Jaipur,Rajasthan,Bronze,2026-07-08,2026-07-08T09:00:00
C005140,Divya,Sharma,divya.sharma5140@example.com,9140703660,Kochi,Kerala,Bronze,2026-07-08,2026-07-08T09:00:00
C005141,Aarav,Rao,aarav.rao5141@example.com,9140711579,Hyderabad,Telangana,Bronze,2026-07-08,2026-07-08T09:00:00
C005142,Vivaan,Gupta,vivaan.gupta5142@example.com,9140719498,Mumbai,Maharashtra,Bronze,2026-07-08,2026-07-08T09:00:00
C005143,Aditya,Verma,aditya.verma5143@example.com,9140727417,Bengaluru,Karnataka,Bronze,2026-07-08,2026-07-08T09:00:00
C005144,Arjun,Patel,arjun.patel5144@example.com,9140735336,Chennai,Tamil Nadu,Bronze,2026-07-08,2026-07-08T09:00:00
C005145,Sai,Kumar,sai.kumar5145@example.com,9140743255,Pune,Maharashtra,Bronze,2026-07-08,2026-07-08T09:00:00
C005146,Rohan,Iyer,rohan.iyer5146@example.com,9140751174,Delhi,Delhi,Bronze,2026-07-08,2026-07-08T09:00:00
C005147,Rahul,Reddy,rahul.reddy5147@example.com,9140759093,Kolkata,West Bengal,Bronze,2026-07-08,2026-07-08T09:00:00
C005148,Kiran,Singh,kiran.singh5148@example.com,9140767012,Ahmedabad,Gujarat,Bronze,2026-07-08,2026-07-08T09:00:00
C005149,Priya,Nair,priya.nair5149@example.com,9140774931,Jaipur,Rajasthan,Bronze,2026-07-08,2026-07-08T09:00:00
C005150,Ananya,Sharma,ananya.sharma5150@example.com,9140782850,Kochi,Kerala,Bronze,2026-07-08,2026-07-08T09:00:00
C005151,Isha,Rao,isha.rao5151@example.com,9140790769,Hyderabad,Telangana,Bronze,2026-07-08,2026-07-08T09:00:00
C005152,Neha,Gupta,neha.gupta5152@example.com,9140798688,Mumbai,Maharashtra,Bronze,2026-07-08,2026-07-08T09:00:00
C005153,Sneha,Verma,sneha.verma5153@example.com,9140806607,Bengaluru,Karnataka,Bronze,2026-07-08,2026-07-08T09:00:00
C005154,Pooja,Patel,pooja.patel5154@example.com,9140814526,Chennai,Tamil Nadu,Bronze,2026-07-08,2026-07-08T09:00:00
C005155,Kavya,Kumar,kavya.kumar5155@example.com,9140822445,Pune,Maharashtra,Bronze,2026-07-08,2026-07-08T09:00:00
C005156,Meera,Iyer,meera.iyer5156@example.com,9140830364,Delhi,Delhi,Bronze,2026-07-08,2026-07-08T09:00:00
C005157,Nikhil,Reddy,nikhil.reddy5157@example.com,9140838283,Kolkata,West Bengal,Bronze,2026-07-08,2026-07-08T09:00:00
C005158,Vikram,Singh,vikram.singh5158@example.com,9140846202,Ahmedabad,Gujarat,Bronze,2026-07-08,2026-07-08T09:00:00
C005159,Akash,Nair,akash.nair5159@example.com,9140854121,Jaipur,Rajasthan,Bronze,2026-07-08,2026-07-08T09:00:00
C005160,Divya,Sharma,divya.sharma5160@example.com,9140862040,Kochi,Kerala,Bronze,2026-07-08,2026-07-08T09:00:00
C005161,Aarav,Rao,aarav.rao5161@example.com,9140869959,Hyderabad,Telangana,Bronze,2026-07-08,2026-07-08T09:00:00
C005162,Vivaan,Gupta,vivaan.gupta5162@example.com,9140877878,Mumbai,Maharashtra,Bronze,2026-07-08,2026-07-08T09:00:00
C005163,Aditya,Verma,aditya.verma5163@example.com,9140885797,Bengaluru,Karnataka,Bronze,2026-07-08,2026-07-08T09:00:00
C005164,Arjun,Patel,arjun.patel5164@example.com,9140893716,Chennai,Tamil Nadu,Bronze,2026-07-08,2026-07-08T09:00:00
C005165,Sai,Kumar,sai.kumar5165@example.com,9140901635,Pune,Maharashtra,Bronze,2026-07-08,2026-07-08T09:00:00
C005166,Rohan,Iyer,rohan.iyer5166@example.com,9140909554,Delhi,Delhi,Bronze,2026-07-08,2026-07-08T09:00:00
C005167,Rahul,Reddy,rahul.reddy5167@example.com,9140917473,Kolkata,West Bengal,Bronze,2026-07-08,2026-07-08T09:00:00
C005168,Kiran,Singh,kiran.singh5168@example.com,9140925392,Ahmedabad,Gujarat,Bronze,2026-07-08,2026-07-08T09:00:00
C005169,Priya,Nair,priya.nair5169@example.com,9140933311,Jaipur,Rajasthan,Bronze,2026-07-08,2026-07-08T09:00:00
C005170,Ananya,Sharma,ananya.sharma5170@example.com,9140941230,Kochi,Kerala,Bronze,2026-07-08,2026-07-08T09:00:00
C005171,Isha,Rao,isha.rao5171@example.com,9140949149,Hyderabad,Telangana,Bronze,2026-07-08,2026-07-08T09:00:00
C005172,Neha,Gupta,neha.gupta5172@example.com,9140957068,Mumbai,Maharashtra,Bronze,2026-07-08,2026-07-08T09:00:00
C005173,Sneha,Verma,sneha.verma5173@example.com,9140964987,Bengaluru,Karnataka,Bronze,2026-07-08,2026-07-08T09:00:00
C005174,Pooja,Patel,pooja.patel5174@example.com,9140972906,Chennai,Tamil Nadu,Bronze,2026-07-08,2026-07-08T09:00:00
C005175,Kavya,Kumar,kavya.kumar5175@example.com,9140980825,Pune,Maharashtra,Bronze,2026-07-08,2026-07-08T09:00:00
C005176,Meera,Iyer,meera.iyer5176@example.com,9140988744,Delhi,Delhi,Bronze,2026-07-08,2026-07-08T09:00:00
C005177,Nikhil,Reddy,nikhil.reddy5177@example.com,9140996663,Kolkata,West Bengal,Bronze,2026-07-08,2026-07-08T09:00:00
C005178,Vikram,Singh,vikram.singh5178@example.com,9141004582,Ahmedabad,Gujarat,Bronze,2026-07-08,2026-07-08T09:00:00
C005179,Akash,Nair,akash.nair5179@example.com,9141012501,Jaipur,Rajasthan,Bronze,2026-07-08,2026-07-08T09:00:00
C005180,Divya,Sharma,divya.sharma5180@example.com,9141020420,Kochi,Kerala,Bronze,2026-07-08,2026-07-08T09:00:00
C005181,Aarav,Rao,aarav.rao5181@example.com,9141028339,Hyderabad,Telangana,Bronze,2026-07-08,2026-07-08T09:00:00
C005182,Vivaan,Gupta,vivaan.gupta5182@example.com,9141036258,Mumbai,Maharashtra,Bronze,2026-07-08,2026-07-08T09:00:00
C005183,Aditya,Verma,aditya.verma5183@example.com,9141044177,Bengaluru,Karnataka,Bronze,2026-07-08,2026-07-08T09:00:00
C005184,Arjun,Patel,arjun.patel5184@example.com,9141052096,Chennai,Tamil Nadu,Bronze,2026-07-08,2026-07-08T09:00:00
C005185,Sai,Kumar,sai.kumar5185@example.com,9141060015,Pune,Maharashtra,Bronze,2026-07-08,2026-07-08T09:00:00
C005186,Rohan,Iyer,rohan.iyer5186@example.com,9141067934,Delhi,Delhi,Bronze,2026-07-08,2026-07-08T09:00:00
C005187,Rahul,Reddy,rahul.reddy5187@example.com,9141075853,Kolkata,West Bengal,Bronze,2026-07-08,2026-07-08T09:00:00
C005188,Kiran,Singh,kiran.singh5188@example.com,9141083772,Ahmedabad,Gujarat,Bronze,2026-07-08,2026-07-08T09:00:00
C005189,Priya,Nair,priya.nair5189@example.com,9141091691,Jaipur,Rajasthan,Bronze,2026-07-08,2026-07-08T09:00:00
C005190,Ananya,Sharma,ananya.sharma5190@example.com,9141099610,Kochi,Kerala,Bronze,2026-07-08,2026-07-08T09:00:00
C005191,Isha,Rao,isha.rao5191@example.com,9141107529,Hyderabad,Telangana,Bronze,2026-07-08,2026-07-08T09:00:00
C005192,Neha,Gupta,neha.gupta5192@example.com,9141115448,Mumbai,Maharashtra,Bronze,2026-07-08,2026-07-08T09:00:00
C005193,Sneha,Verma,sneha.verma5193@example.com,9141123367,Bengaluru,Karnataka,Bronze,2026-07-08,2026-07-08T09:00:00
C005194,Pooja,Patel,pooja.patel5194@example.com,9141131286,Chennai,Tamil Nadu,Bronze,2026-07-08,2026-07-08T09:00:00
C005195,Kavya,Kumar,kavya.kumar5195@example.com,9141139205,Pune,Maharashtra,Bronze,2026-07-08,2026-07-08T09:00:00
C005196,Meera,Iyer,meera.iyer5196@example.com,9141147124,Delhi,Delhi,Bronze,2026-07-08,2026-07-08T09:00:00
C005197,Nikhil,Reddy,nikhil.reddy5197@example.com,9141155043,Kolkata,West Bengal,Bronze,2026-07-08,2026-07-08T09:00:00
C005198,Vikram,Singh,vikram.singh5198@example.com,9141162962,Ahmedabad,Gujarat,Bronze,2026-07-08,2026-07-08T09:00:00
C005199,Akash,Nair,akash.nair5199@example.com,9141170881,Jaipur,Rajasthan,Bronze,2026-07-08,2026-07-08T09:00:00
C005200,Divya,Sharma,divya.sharma5200@example.com,9141178800,Kochi,Kerala,Bronze,2026-07-08,2026-07-08T09:00:00
C005201,Aarav,Rao,aarav.rao5201@example.com,9141186719,Hyderabad,Telangana,Bronze,2026-07-08,2026-07-08T09:00:00
C005202,Vivaan,Gupta,vivaan.gupta5202@example.com,9141194638,Mumbai,Maharashtra,Bronze,2026-07-08,2026-07-08T09:00:00
C005203,Aditya,Verma,aditya.verma5203@example.com,9141202557,Bengaluru,Karnataka,Bronze,2026-07-08,2026-07-08T09:00:00
C005204,Arjun,Patel,arjun.patel5204@example.com,9141210476,Chennai,Tamil Nadu,Bronze,2026-07-08,2026-07-08T09:00:00
C005205,Sai,Kumar,sai.kumar5205@example.com,9141218395,Pune,Maharashtra,Bronze,2026-07-08,2026-07-08T09:00:00
C005206,Rohan,Iyer,rohan.iyer5206@example.com,9141226314,Delhi,Delhi,Bronze,2026-07-08,2026-07-08T09:00:00
C005207,Rahul,Reddy,rahul.reddy5207@example.com,9141234233,Kolkata,West Bengal,Bronze,2026-07-08,2026-07-08T09:00:00
C005208,Kiran,Singh,kiran.singh5208@example.com,9141242152,Ahmedabad,Gujarat,Bronze,2026-07-08,2026-07-08T09:00:00
C005209,Priya,Nair,priya.nair5209@example.com,9141250071,Jaipur,Rajasthan,Bronze,2026-07-08,2026-07-08T09:00:00
C005210,Ananya,Sharma,ananya.sharma5210@example.com,9141257990,Kochi,Kerala,Bronze,2026-07-08,2026-07-08T09:00:00
C005211,Isha,Rao,isha.rao5211@example.com,9141265909,Hyderabad,Telangana,Bronze,2026-07-08,2026-07-08T09:00:00
C005212,Neha,Gupta,neha.gupta5212@example.com,9141273828,Mumbai,Maharashtra,Bronze,2026-07-08,2026-07-08T09:00:00
C005213,Sneha,Verma,sneha.verma5213@example.com,9141281747,Bengaluru,Karnataka,Bronze,2026-07-08,2026-07-08T09:00:00
C005214,Pooja,Patel,pooja.patel5214@example.com,9141289666,Chennai,Tamil Nadu,Bronze,2026-07-08,2026-07-08T09:00:00
C005215,Kavya,Kumar,kavya.kumar5215@example.com,9141297585,Pune,Maharashtra,Bronze,2026-07-08,2026-07-08T09:00:00
C005216,Meera,Iyer,meera.iyer5216@example.com,9141305504,Delhi,Delhi,Bronze,2026-07-08,2026-07-08T09:00:00
C005217,Nikhil,Reddy,nikhil.reddy5217@example.com,9141313423,Kolkata,West Bengal,Bronze,2026-07-08,2026-07-08T09:00:00
C005218,Vikram,Singh,vikram.singh5218@example.com,9141321342,Ahmedabad,Gujarat,Bronze,2026-07-08,2026-07-08T09:00:00
C005219,Akash,Nair,akash.nair5219@example.com,9141329261,Jaipur,Rajasthan,Bronze,2026-07-08,2026-07-08T09:00:00
C005220,Divya,Sharma,divya.sharma5220@example.com,9141337180,Kochi,Kerala,Bronze,2026-07-08,2026-07-08T09:00:00
C005221,Aarav,Rao,aarav.rao5221@example.com,9141345099,Hyderabad,Telangana,Bronze,2026-07-08,2026-07-08T09:00:00
C005222,Vivaan,Gupta,vivaan.gupta5222@example.com,9141353018,Mumbai,Maharashtra,Bronze,2026-07-08,2026-07-08T09:00:00
C005223,Aditya,Verma,aditya.verma5223@example.com,9141360937,Bengaluru,Karnataka,Bronze,2026-07-08,2026-07-08T09:00:00
C005224,Arjun,Patel,arjun.patel5224@example.com,9141368856,Chennai,Tamil Nadu,Bronze,2026-07-08,2026-07-08T09:00:00
C005225,Sai,Kumar,sai.kumar5225@example.com,9141376775,Pune,Maharashtra,Bronze,2026-07-08,2026-07-08T09:00:00
C005226,Rohan,Iyer,rohan.iyer5226@example.com,9141384694,Delhi,Delhi,Bronze,2026-07-08,2026-07-08T09:00:00
C005227,Rahul,Reddy,rahul.reddy5227@example.com,9141392613,Kolkata,West Bengal,Bronze,2026-07-08,2026-07-08T09:00:00
C005228,Kiran,Singh,kiran.singh5228@example.com,9141400532,Ahmedabad,Gujarat,Bronze,2026-07-08,2026-07-08T09:00:00
C005229,Priya,Nair,priya.nair5229@example.com,9141408451,Jaipur,Rajasthan,Bronze,2026-07-08,2026-07-08T09:00:00
C005230,Ananya,Sharma,ananya.sharma5230@example.com,9141416370,Kochi,Kerala,Bronze,2026-07-08,2026-07-08T09:00:00
C005231,Isha,Rao,isha.rao5231@example.com,9141424289,Hyderabad,Telangana,Bronze,2026-07-08,2026-07-08T09:00:00
C005232,Neha,Gupta,neha.gupta5232@example.com,9141432208,Mumbai,Maharashtra,Bronze,2026-07-08,2026-07-08T09:00:00
C005233,Sneha,Verma,sneha.verma5233@example.com,9141440127,Bengaluru,Karnataka,Bronze,2026-07-08,2026-07-08T09:00:00
C005234,Pooja,Patel,pooja.patel5234@example.com,9141448046,Chennai,Tamil Nadu,Bronze,2026-07-08,2026-07-08T09:00:00
C005235,Kavya,Kumar,kavya.kumar5235@example.com,9141455965,Pune,Maharashtra,Bronze,2026-07-08,2026-07-08T09:00:00
C005236,Meera,Iyer,meera.iyer5236@example.com,9141463884,Delhi,Delhi,Bronze,2026-07-08,2026-07-08T09:00:00
C005237,Nikhil,Reddy,nikhil.reddy5237@example.com,9141471803,Kolkata,West Bengal,Bronze,2026-07-08,2026-07-08T09:00:00
C005238,Vikram,Singh,vikram.singh5238@example.com,9141479722,Ahmedabad,Gujarat,Bronze,2026-07-08,2026-07-08T09:00:00
C005239,Akash,Nair,akash.nair5239@example.com,9141487641,Jaipur,Rajasthan,Bronze,2026-07-08,2026-07-08T09:00:00
C005240,Divya,Sharma,divya.sharma5240@example.com,9141495560,Kochi,Kerala,Bronze,2026-07-08,2026-07-08T09:00:00
C005241,Aarav,Rao,aarav.rao5241@example.com,9141503479,Hyderabad,Telangana,Bronze,2026-07-08,2026-07-08T09:00:00
C005242,Vivaan,Gupta,vivaan.gupta5242@example.com,9141511398,Mumbai,Maharashtra,Bronze,2026-07-08,2026-07-08T09:00:00
C005243,Aditya,Verma,aditya.verma5243@example.com,9141519317,Bengaluru,Karnataka,Bronze,2026-07-08,2026-07-08T09:00:00
C005244,Arjun,Patel,arjun.patel5244@example.com,9141527236,Chennai,Tamil Nadu,Bronze,2026-07-08,2026-07-08T09:00:00
C005245,Sai,Kumar,sai.kumar5245@example.com,9141535155,Pune,Maharashtra,Bronze,2026-07-08,2026-07-08T09:00:00
C005246,Rohan,Iyer,rohan.iyer5246@example.com,9141543074,Delhi,Delhi,Bronze,2026-07-08,2026-07-08T09:00:00
C005247,Rahul,Reddy,rahul.reddy5247@example.com,9141550993,Kolkata,West Bengal,Bronze,2026-07-08,2026-07-08T09:00:00
C005248,Kiran,Singh,kiran.singh5248@example.com,9141558912,Ahmedabad,Gujarat,Bronze,2026-07-08,2026-07-08T09:00:00
C005249,Priya,Nair,priya.nair5249@example.com,9141566831,Jaipur,Rajasthan,Bronze,2026-07-08,2026-07-08T09:00:00
C005250,Ananya,Sharma,ananya.sharma5250@example.com,9141574750,Kochi,Kerala,Bronze,2026-07-08,2026-07-08T09:00:00
C000111,Isha,Rao,isha.rao111@example.com,9100879009,Pune,Maharashtra,Platinum,2022-04-22,2026-07-08T09:00:00
